timestamp,memory_total,memory_used,memory_available,cpu_user,cpu_system,cpu_idle,load_1min,load_5min,load_15min,disk_total,disk_used,disk_available,disk_percent,process_count
2025-05-25 16:47:00,956,764,59,0.8,5.0,0.0,,45,5,41,11%,141
2025-05-25 16:47:07,956,767,62,0.9,11.0,0.0,,45,5,41,11%,142
2025-05-25 16:47:15,956,763,56,8.0,10.0,0.0,,45,5,41,11%,142
2025-05-25 16:47:22,956,763,54,1.6,17.5,3.2,,45,5,41,11%,141
2025-05-25 16:47:28,956,762,61,0.0,3.1,96.9,,45,5,41,11%,142
2025-05-25 16:47:33,956,763,56,0.0,17.5,22.8,,45,5,41,11%,142
2025-05-25 16:47:39,956,762,59,6.5,16.1,0.0,,45,5,41,11%,143
2025-05-25 16:47:46,956,763,53,0.0,18.8,1.2,,45,5,41,11%,142
2025-05-25 16:47:52,956,762,56,0.0,24.6,0.0,,45,5,41,11%,142
2025-05-25 16:47:59,956,763,59,0.0,16.3,0.0,,45,5,41,11%,142
2025-05-25 16:48:06,956,759,58,0.0,19.2,0.0,,45,5,41,11%,142
2025-05-25 16:48:13,956,758,60,0.0,18.6,0.0,,45,5,41,11%,142
2025-05-25 16:48:20,956,759,59,0.0,19.3,0.0,,45,5,41,11%,142
2025-05-25 16:48:27,956,759,64,0.0,24.2,0.0,,45,5,41,11%,142
2025-05-25 16:48:34,956,759,55,1.6,23.0,0.0,,45,5,41,11%,142
2025-05-25 16:48:41,956,760,55,1.7,20.3,0.0,,45,5,41,11%,142
2025-05-25 16:48:48,956,759,57,2.5,25.0,17.5,,45,5,41,11%,143
2025-05-25 16:48:54,956,760,57,0.0,14.9,10.6,,45,5,41,11%,143
2025-05-25 16:49:01,956,759,57,5.0,17.5,10.0,,45,5,41,11%,143
2025-05-25 16:49:07,956,759,63,1.5,17.9,0.0,,45,5,41,11%,146
2025-05-25 16:49:13,956,761,56,1.6,9.8,0.0,,45,5,41,11%,141
2025-05-25 16:49:19,956,758,61,0.0,11.8,0.0,,45,5,41,11%,141
2025-05-25 16:49:26,956,758,60,1.6,16.1,1.6,,45,5,41,11%,141
2025-05-25 16:49:32,956,756,63,0.0,0.0,id,,,45,5,41,11%,141
2025-05-25 16:49:38,956,772,50,0.0,5.5,14.5,,45,5,41,11%,141
2025-05-25 16:49:44,956,757,57,2.1,2.1,76.6,,45,5,41,11%,141
2025-05-25 16:49:49,956,757,59,0.0,2.2,82.2,,45,5,41,11%,141
2025-05-25 16:49:54,956,757,59,0.0,3.1,96.9,,45,5,41,11%,141
2025-05-25 16:50:00,956,756,58,0.0,3.0,93.9,,45,5,41,11%,141
2025-05-25 16:50:05,956,758,58,1.8,16.1,0.0,,45,5,41,11%,141
2025-05-25 16:50:12,956,758,57,0.0,4.3,0.0,,45,5,41,11%,142
2025-05-25 16:50:19,956,762,60,0.0,0.0,id,,,45,5,41,11%,141
2025-05-25 16:50:24,956,756,63,0.0,3.1,96.9,,45,5,41,11%,141
2025-05-25 16:50:29,956,756,64,3.0,3.0,93.9,,45,5,41,11%,141
2025-05-25 16:50:34,956,756,58,2.2,0.0,78.3,,45,5,41,11%,141
2025-05-25 16:50:40,956,762,58,0.0,2.6,59.0,,45,5,41,11%,141
2025-05-25 16:50:46,956,761,54,1.1,5.3,9.6,,45,5,41,11%,141
2025-05-25 16:50:52,956,757,58,0.0,2.8,20.8,,45,5,41,11%,141
2025-05-25 16:50:58,956,758,63,2.4,2.4,83.3,,45,5,41,11%,141
2025-05-25 16:51:04,956,762,59,0.0,6.5,90.3,,45,5,41,11%,141
2025-05-25 16:51:09,956,758,62,0.0,2.4,85.7,,45,5,41,11%,141
2025-05-25 16:51:14,956,758,58,3.0,3.0,93.9,,45,5,41,11%,141
2025-05-25 16:51:19,956,757,58,0.0,3.1,96.9,,45,5,41,11%,141
2025-05-25 16:51:25,956,757,56,2.9,7.2,15.9,,45,5,41,11%,141
2025-05-25 16:51:31,956,756,62,1.9,7.4,0.0,,45,5,41,11%,142
2025-05-25 16:51:38,956,757,60,0.0,6.1,67.3,,45,5,41,11%,141
2025-05-25 16:51:43,956,766,54,0.0,3.1,96.9,,45,5,41,11%,143
2025-05-25 16:51:49,956,780,49,0.8,4.9,0.0,,45,5,41,11%,143
2025-05-25 16:52:02,956,761,56,0.0,4.5,13.6,,45,5,41,11%,144
2025-05-25 16:52:08,956,760,58,0.0,7.7,76.9,,45,5,41,11%,143
2025-05-25 16:52:13,956,763,54,0.0,6.1,90.9,,45,5,41,11%,143
2025-05-25 16:52:19,956,759,56,0.0,18.2,25.5,,45,5,41,11%,143
2025-05-25 16:52:26,956,765,56,1.7,18.3,0.0,,45,5,41,11%,142
2025-05-25 16:52:33,956,766,59,14.3,5.4,0.0,,45,5,41,11%,143
2025-05-25 16:52:43,956,767,54,1.0,16.7,0.0,,45,5,41,11%,144
2025-05-25 16:52:51,956,767,53,0.4,9.6,0.0,,45,5,41,11%,144
2025-05-25 16:53:04,956,768,52,1.2,14.1,0.0,,45,5,41,11%,145
2025-05-25 16:53:11,956,768,52,0.0,19.3,0.0,,45,5,41,11%,144
2025-05-25 16:53:18,956,768,58,8.5,11.9,0.0,,45,5,41,11%,144
2025-05-25 16:53:26,956,767,53,0.0,10.3,10.3,,45,5,41,11%,144
2025-05-25 16:53:33,956,768,52,4.7,23.3,0.0,,45,5,41,11%,144
2025-05-25 16:53:43,956,765,56,0.0,14.1,0.0,,45,5,41,11%,142
2025-05-25 16:53:49,956,766,58,0.0,19.6,17.4,,45,5,41,11%,140
2025-05-25 16:53:55,956,765,53,0.0,22.5,35.0,,45,5,41,11%,142
2025-05-25 16:54:01,956,769,53,1.0,6.8,0.0,,45,5,41,11%,142
2025-05-25 16:54:08,956,765,53,5.3,8.8,8.8,,45,5,41,11%,141
2025-05-25 16:54:16,956,764,56,0.0,9.5,0.0,,45,5,41,11%,142
2025-05-25 16:54:22,956,765,58,1.7,20.3,8.5,,45,5,41,11%,142
2025-05-25 16:54:28,956,765,61,0.0,21.3,27.7,,45,5,41,11%,142
2025-05-25 16:54:34,956,765,57,3.1,3.1,90.6,,45,5,41,11%,142
2025-05-25 16:54:41,956,769,59,0.0,10.4,0.0,,45,5,41,11%,142
2025-05-25 16:54:48,956,765,53,1.3,5.3,1.3,,45,5,41,11%,143
2025-05-25 16:54:55,956,765,52,0.0,3.0,97.0,,45,5,41,11%,142
2025-05-25 16:55:00,956,766,53,0.0,2.2,80.0,,45,5,41,11%,142
2025-05-25 16:55:05,956,770,56,0.6,11.0,0.0,,45,5,41,11%,142
2025-05-25 16:55:13,956,765,60,0.0,3.8,21.7,,45,5,41,11%,143
2025-05-25 16:55:20,956,766,59,0.0,3.1,96.9,,45,5,41,11%,142
2025-05-25 16:55:25,956,764,58,0.0,14.3,21.4,,45,5,41,11%,142
2025-05-25 16:55:31,956,764,57,0.0,15.2,0.0,,45,5,41,11%,144
2025-05-25 16:55:38,956,766,54,0.0,3.1,96.9,,45,5,41,11%,142
2025-05-25 16:55:43,956,765,57,0.0,4.4,46.7,,45,5,41,11%,142
2025-05-25 16:55:50,956,765,58,2.9,8.6,42.9,,45,5,41,11%,142
2025-05-25 16:55:56,956,768,55,2.1,2.1,76.6,,45,5,41,11%,142
2025-05-25 16:56:01,956,766,57,0.0,14.1,19.2,,45,5,41,11%,142
2025-05-25 16:56:08,956,766,56,0.0,14.7,13.2,,45,5,41,11%,142
2025-05-25 16:56:14,956,770,54,1.5,4.5,0.0,,45,5,41,11%,141
2025-05-25 16:56:23,956,768,53,4.8,9.5,4.8,,45,5,41,11%,144
2025-05-25 16:56:30,956,767,57,1.9,9.3,31.5,,45,5,41,11%,144
2025-05-25 16:56:36,956,771,56,0.0,2.4,83.3,,45,5,41,11%,144
2025-05-25 16:56:42,956,767,57,0.0,8.7,60.9,,45,5,41,11%,144
2025-05-25 16:56:48,956,767,55,0.0,2.3,84.1,,45,5,41,11%,144
2025-05-25 16:56:54,956,769,56,4.5,7.6,9.1,,45,5,41,11%,145
2025-05-25 16:57:01,956,768,57,3.0,3.0,93.9,,45,5,41,11%,144
2025-05-25 16:57:06,956,769,51,2.0,2.0,60.8,,45,5,41,11%,146
2025-05-25 16:57:12,956,770,56,0.0,20.0,0.0,,45,5,41,11%,146
2025-05-25 16:57:19,956,770,54,0.0,20.3,0.0,,45,5,41,11%,146
2025-05-25 16:57:27,956,769,54,1.1,13.3,0.0,,45,5,41,11%,145
2025-05-25 16:57:34,956,771,55,2.4,10.7,0.0,,45,5,41,11%,145
2025-05-25 16:57:49,956,770,50,1.7,20.7,0.0,,45,5,41,11%,144
2025-05-25 16:57:56,956,769,55,6.6,14.8,0.0,,45,5,41,11%,146
2025-05-25 16:58:02,956,767,57,0.0,21.7,0.0,,45,5,41,11%,144
2025-05-25 16:58:09,956,768,57,0.0,16.2,0.0,,45,5,41,11%,143
2025-05-25 16:58:17,956,767,57,0.0,12.9,0.0,,45,5,41,11%,143
2025-05-25 16:58:24,956,768,54,2.0,22.0,0.0,,45,5,41,11%,141
2025-05-25 16:58:31,956,766,52,0.0,12.6,0.0,,45,5,41,11%,140
2025-05-25 16:58:38,956,765,62,0.0,17.9,0.0,,45,5,41,11%,140
2025-05-25 16:58:45,956,767,52,1.6,20.6,0.0,,45,5,41,11%,140
2025-05-25 16:58:53,956,766,53,0.0,16.3,0.0,,45,5,41,11%,140
2025-05-25 16:59:00,956,764,58,0.0,16.0,0.0,,45,5,41,11%,139
2025-05-25 16:59:09,956,764,58,0.0,19.1,0.0,,45,5,41,11%,140
2025-05-25 16:59:16,956,766,57,1.5,17.6,0.0,,45,5,41,11%,141
2025-05-25 16:59:23,956,765,56,0.0,20.0,0.0,,45,5,41,11%,140
2025-05-25 16:59:30,956,763,59,1.7,18.6,0.0,,45,5,41,11%,142
2025-05-25 16:59:37,956,768,51,0.0,15.3,0.0,,45,5,41,11%,145
2025-05-25 16:59:46,956,766,53,0.0,13.0,0.0,,45,5,41,11%,140
2025-05-25 16:59:53,956,764,59,0.0,23.8,0.0,,45,5,41,11%,140
2025-05-25 17:00:00,956,763,57,1.4,16.7,0.0,,45,5,41,11%,141
2025-05-25 17:00:08,956,762,63,0.0,21.7,0.0,,45,5,41,11%,141
2025-05-25 17:00:16,956,763,56,1.2,21.2,0.0,,45,5,41,11%,141
2025-05-25 17:00:23,956,765,60,0.0,17.1,0.0,,45,5,41,11%,142
2025-05-25 17:00:31,956,763,55,0.0,19.0,0.0,,45,5,41,11%,142
2025-05-25 17:00:37,956,771,53,0.0,12.1,0.0,,45,5,41,11%,142
2025-05-25 17:00:45,956,765,52,1.7,16.7,0.0,,45,5,41,11%,140
2025-05-25 17:00:53,956,764,58,0.0,18.2,0.0,,45,5,41,11%,142
2025-05-25 17:00:59,956,766,53,0.0,18.8,0.0,,45,5,41,11%,144
2025-05-25 17:01:07,956,765,54,1.7,21.7,5.0,,45,5,41,11%,144
2025-05-25 17:01:14,956,766,55,1.3,16.9,0.0,,45,5,41,11%,144
2025-05-25 17:01:21,956,767,58,1.7,18.6,0.0,,45,5,41,11%,145
2025-05-25 17:01:28,956,768,57,0.0,16.4,0.0,,45,5,41,11%,144
2025-05-25 17:01:35,956,766,57,0.0,23.7,0.0,,45,5,41,11%,146
2025-05-25 17:01:42,956,766,53,1.7,17.2,0.0,,45,5,41,11%,144
2025-05-25 17:01:48,956,766,53,1.6,25.0,0.0,,45,5,41,11%,144
2025-05-25 17:01:57,956,767,54,1.6,19.4,0.0,,45,5,41,11%,144
2025-05-25 17:02:03,956,767,62,0.0,21.2,0.0,,45,5,41,11%,145
2025-05-25 17:02:10,956,766,58,2.3,20.9,0.0,,45,5,41,11%,147
2025-05-25 17:02:17,956,766,63,0.0,14.6,9.0,,45,5,41,11%,146
2025-05-25 17:02:24,956,770,55,0.0,15.7,0.0,,45,5,41,11%,146
2025-05-25 17:02:33,956,766,58,1.7,18.3,0.0,,45,5,41,11%,146
2025-05-25 17:02:39,956,766,58,0.0,19.7,0.0,,45,5,41,11%,146
2025-05-25 17:02:47,956,767,56,1.7,20.0,0.0,,45,5,41,11%,146
2025-05-25 17:02:53,956,766,57,1.7,18.6,0.0,,45,5,41,11%,146
2025-05-25 17:03:00,956,767,56,0.9,17.9,0.0,,45,5,41,11%,144
2025-05-25 17:03:08,956,765,57,1.6,21.0,0.0,,45,5,41,11%,144
2025-05-25 17:03:15,956,766,58,0.0,17.1,0.0,,45,5,41,11%,144
2025-05-25 17:03:23,956,764,56,0.0,22.0,0.0,,45,5,41,11%,144
2025-05-25 17:03:30,956,766,52,0.0,19.7,0.0,,45,5,41,11%,144
2025-05-25 17:03:39,956,765,55,1.6,19.4,0.0,,45,5,41,11%,144
2025-05-25 17:03:45,956,766,56,0.0,20.0,0.0,,45,5,41,11%,143
2025-05-25 17:03:53,956,764,59,0.0,17.5,0.0,,45,5,41,11%,144
2025-05-25 17:03:59,956,768,51,0.0,23.3,0.0,,45,5,41,11%,144
2025-05-25 17:04:06,956,762,55,1.6,16.1,0.0,,45,5,41,11%,141
2025-05-25 17:04:14,956,758,63,0.0,17.5,0.0,,45,5,41,11%,138
2025-05-25 17:04:21,956,759,60,1.7,20.0,0.0,,45,5,41,11%,140
2025-05-25 17:04:29,956,758,59,0.0,23.7,0.0,,45,5,41,11%,138
2025-05-25 17:04:36,956,760,61,0.0,19.6,0.0,,45,5,41,11%,138
2025-05-25 17:04:43,956,758,60,1.0,14.6,0.0,,45,5,41,11%,137
2025-05-25 17:04:51,956,759,58,0.0,19.3,0.0,,45,5,41,11%,138
2025-05-25 17:04:57,956,760,56,1.3,15.6,0.0,,45,5,41,11%,138
2025-05-25 17:05:05,956,759,59,1.4,11.4,0.0,,45,5,41,11%,138
2025-05-25 17:05:12,956,770,53,1.5,13.8,0.0,,45,5,41,11%,139
2025-05-25 17:05:20,956,775,49,1.7,19.0,27.6,,45,5,41,11%,139
2025-05-25 17:05:26,956,764,53,0.0,15.7,11.4,,45,5,41,11%,139
2025-05-25 17:05:32,956,766,52,3.4,8.5,25.4,,45,5,41,11%,140
2025-05-25 17:05:38,956,764,53,2.6,10.3,10.3,,45,5,41,11%,139
2025-05-25 17:05:44,956,766,54,0.0,4.5,13.6,,45,5,41,11%,141
2025-05-25 17:05:50,956,766,54,2.3,7.0,20.9,,45,5,41,11%,140
2025-05-25 17:05:56,956,775,53,0.0,2.9,88.6,,45,5,41,11%,142
2025-05-25 17:06:02,956,778,51,0.0,4.9,0.0,,45,5,41,11%,140
2025-05-25 17:06:08,956,770,53,1.5,14.9,4.5,,45,5,41,11%,140
2025-05-25 17:06:15,956,766,56,0.0,3.1,96.9,,45,5,41,11%,140
2025-05-25 17:06:21,956,769,54,0.0,6.0,0.0,,45,5,41,11%,141
2025-05-25 17:06:28,956,766,56,0.0,18.5,6.2,,45,5,41,11%,140
2025-05-25 17:06:35,956,767,58,0.0,6.2,16.7,,45,5,41,11%,140
2025-05-25 17:06:41,956,767,56,0.0,3.1,96.9,,45,5,41,11%,140
2025-05-25 17:06:46,956,765,54,3.1,0.0,96.9,,45,5,41,11%,140
2025-05-25 17:06:53,956,765,56,1.9,5.7,0.0,,45,5,41,11%,142
2025-05-25 17:07:00,956,766,55,0.0,3.1,96.9,,45,5,41,11%,140
2025-05-25 17:07:05,956,767,53,0.0,3.0,93.9,,45,5,41,11%,140
2025-05-25 17:07:10,956,770,51,1.0,11.1,0.0,,45,5,41,11%,140
2025-05-25 17:07:20,956,768,51,10.2,5.1,0.0,,45,5,41,11%,138
2025-05-25 17:07:27,956,766,55,2.2,2.2,78.3,,45,5,41,11%,136
2025-05-25 17:07:32,956,766,56,1.5,4.6,27.7,,45,5,41,11%,136
2025-05-25 17:07:38,956,765,56,0.0,11.6,0.0,,45,5,41,11%,134
2025-05-25 17:07:45,956,764,53,0.0,18.4,39.5,,45,5,41,11%,135
2025-05-25 17:07:51,956,765,54,0.0,8.9,0.0,,45,5,41,11%,135
2025-05-25 17:07:57,956,759,57,3.4,13.8,0.0,,45,5,41,11%,135
2025-05-25 17:08:04,956,760,60,2.7,10.7,0.0,,45,5,41,11%,136
2025-05-25 17:08:10,956,760,60,1.3,16.9,0.0,,45,5,41,11%,136
2025-05-25 17:08:16,956,764,60,0.0,15.4,0.0,,45,5,41,11%,142
2025-05-25 17:08:24,956,769,51,0.0,16.1,0.0,,45,5,41,11%,142
2025-05-25 17:08:32,956,765,59,1.5,13.8,0.0,,45,5,41,11%,142
2025-05-25 17:08:40,956,767,54,0.0,20.5,15.4,,45,5,41,11%,142
2025-05-25 17:08:47,956,767,52,1.7,18.3,0.0,,45,5,41,11%,145
2025-05-25 17:08:54,956,768,54,0.0,19.4,0.0,,45,5,41,11%,144
2025-05-25 17:09:02,956,766,57,2.3,27.3,0.0,,45,5,41,11%,145
2025-05-25 17:09:09,956,767,56,1.3,17.7,0.0,,45,5,41,11%,142
2025-05-25 17:09:19,956,768,52,2.1,16.7,0.0,,45,5,41,11%,145
2025-05-25 17:09:26,956,767,54,1.7,17.2,0.0,,45,5,41,11%,146
2025-05-25 17:09:33,956,766,54,0.0,12.5,0.0,,45,5,41,11%,146
2025-05-25 17:09:42,956,768,52,0.0,6.5,0.0,,45,5,41,11%,146
2025-05-25 17:09:50,956,766,60,2.4,19.5,0.0,,45,5,41,11%,146
2025-05-25 17:09:57,956,766,56,2.0,20.4,0.0,,45,5,41,11%,146
2025-05-25 17:10:03,956,767,54,0.0,16.4,0.0,,45,5,41,11%,146
2025-05-25 17:10:11,956,770,52,1.6,8.2,0.0,,45,5,41,11%,146
2025-05-25 17:10:25,956,773,51,1.4,15.9,0.0,,45,5,41,11%,151
2025-05-25 17:10:32,956,770,53,1.4,12.7,0.0,,45,5,41,11%,149
2025-05-25 17:10:46,956,771,54,0.0,16.0,0.0,,45,5,41,11%,150
2025-05-25 17:10:56,956,773,54,2.1,12.5,0.0,,45,5,41,11%,156
2025-05-25 17:11:07,956,773,50,1.2,16.3,0.0,,45,5,41,11%,149
2025-05-25 17:11:14,956,775,49,1.6,23.0,0.0,,45,5,41,11%,150
2025-05-25 17:11:21,956,768,55,1.3,13.9,0.0,,45,5,41,11%,148
2025-05-25 17:11:29,956,770,52,2.6,13.2,0.0,,45,5,41,11%,151
2025-05-25 17:11:37,956,770,53,0.0,7.9,0.0,,45,5,41,11%,148
2025-05-25 17:11:46,956,771,54,3.4,15.5,0.0,,45,5,41,11%,149
2025-05-25 17:11:55,956,768,56,0.0,13.3,0.0,,45,5,41,11%,149
2025-05-25 17:12:04,956,769,56,2.1,20.8,0.0,,45,5,41,11%,149
2025-05-25 17:12:11,956,774,53,1.0,10.7,0.0,,45,5,41,11%,148
2025-05-25 17:12:20,956,770,57,0.8,7.3,0.0,,45,5,41,11%,147
2025-05-25 17:12:29,956,769,54,1.6,19.4,0.0,,45,5,41,11%,148
2025-05-25 17:12:37,956,768,55,0.0,20.3,0.0,,45,5,41,11%,148
2025-05-25 17:12:45,956,770,54,0.0,21.7,0.0,,45,5,41,11%,147
2025-05-25 17:12:53,956,767,56,1.7,15.5,0.0,,45,5,41,11%,146
2025-05-25 17:13:04,956,765,57,2.4,19.5,0.0,,45,5,41,11%,147
2025-05-25 17:13:12,956,769,52,1.6,22.2,0.0,,45,5,41,11%,147
2025-05-25 17:13:19,956,764,58,0.0,14.5,0.0,,45,5,41,11%,146
2025-05-25 17:13:28,956,768,51,2.5,17.5,0.0,,45,5,41,11%,147
2025-05-25 17:13:37,956,767,57,1.6,22.6,0.0,,45,5,41,11%,147
2025-05-25 17:13:44,956,776,50,1.2,17.9,0.0,,45,5,41,11%,147
2025-05-25 17:13:53,956,768,57,1.5,18.2,0.0,,45,5,41,11%,147
2025-05-25 17:14:01,956,767,55,0.0,13.7,0.0,,45,5,41,11%,146
2025-05-25 17:14:08,956,768,52,0.9,14.8,0.0,,45,5,41,11%,147
2025-05-25 17:14:15,956,767,55,1.7,21.7,0.0,,45,5,41,11%,146
2025-05-25 17:14:23,956,768,58,2.4,22.0,0.0,,45,5,41,11%,149
2025-05-25 17:14:30,956,766,58,0.0,21.7,0.0,,45,5,41,11%,144
2025-05-25 17:14:37,956,767,57,1.6,23.0,0.0,,45,5,41,11%,148
2025-05-25 17:14:45,956,768,54,0.0,15.9,0.0,,45,5,41,11%,145
2025-05-25 17:14:53,956,766,56,0.0,20.0,0.0,,45,5,41,11%,146
2025-05-25 17:15:05,956,769,51,3.8,7.7,0.0,,45,5,41,11%,147
2025-05-25 17:15:18,956,769,50,2.4,15.2,0.0,,45,5,41,11%,148
2025-05-25 17:15:25,956,772,52,2.5,17.5,0.0,,45,5,41,11%,150
2025-05-25 17:15:31,956,770,56,0.0,14.3,0.0,,45,5,41,11%,147
2025-05-25 17:15:39,956,770,52,2.0,18.4,0.0,,45,5,41,11%,148
2025-05-25 17:15:48,956,771,53,1.1,14.0,0.0,,45,5,41,11%,148
2025-05-25 17:15:56,956,770,56,1.7,18.3,0.0,,45,5,41,11%,148
2025-05-25 17:16:03,956,768,53,0.0,11.4,0.0,,45,5,41,11%,148
2025-05-25 17:16:13,956,768,54,1.3,17.7,0.0,,45,5,41,11%,145
2025-05-25 17:16:21,956,767,56,1.3,15.4,0.0,,45,5,41,11%,147
2025-05-25 17:16:28,956,767,54,0.0,15.2,0.0,,45,5,41,11%,147
2025-05-25 17:16:35,956,773,56,1.7,18.3,0.0,,45,5,41,11%,147
2025-05-25 17:16:42,956,768,51,0.0,27.4,0.0,,45,5,41,11%,147
2025-05-25 17:16:49,956,773,52,1.5,19.1,0.0,,45,5,41,11%,149
2025-05-25 17:16:56,956,768,66,1.5,17.9,0.0,,45,5,41,11%,147
2025-05-25 17:17:03,956,768,57,2.9,14.7,0.0,,45,5,41,11%,148
2025-05-25 17:17:10,956,765,54,2.3,13.8,0.0,,45,5,41,11%,145
2025-05-25 17:17:16,956,765,55,1.1,14.9,0.0,,45,5,41,11%,145
2025-05-25 17:17:25,956,766,54,2.4,22.0,0.0,,45,5,41,11%,145
2025-05-25 17:17:32,956,765,60,1.7,16.7,0.0,,45,5,41,11%,145
2025-05-25 17:17:39,956,765,54,0.0,15.2,0.0,,45,5,41,11%,144
2025-05-25 17:17:46,956,767,57,1.2,21.4,0.0,,45,5,41,11%,145
2025-05-25 17:17:54,956,766,56,0.0,18.8,0.0,,45,5,41,11%,145
2025-05-25 17:18:01,956,766,53,0.0,21.0,0.0,,45,5,41,11%,145
2025-05-25 17:18:08,956,765,54,0.0,20.4,0.0,,45,5,41,11%,145
2025-05-25 17:18:15,956,767,56,0.0,18.8,0.0,,45,5,41,11%,145
2025-05-25 17:18:21,956,766,56,0.0,24.4,0.0,,45,5,41,11%,145
2025-05-25 17:18:27,956,765,59,1.7,16.9,0.0,,45,5,41,11%,145
2025-05-25 17:18:34,956,767,54,3.2,21.0,0.0,,45,5,41,11%,147
2025-05-25 17:18:40,956,765,53,2.4,22.0,0.0,,45,5,41,11%,145
2025-05-25 17:18:47,956,769,55,2.3,25.6,0.0,,45,5,41,11%,145
2025-05-25 17:18:53,956,766,57,0.0,23.0,0.0,,45,5,41,11%,144
2025-05-25 17:19:00,956,769,52,4.9,22.0,0.0,,45,5,41,11%,145
2025-05-25 17:19:07,956,765,54,0.0,23.3,0.0,,45,5,41,11%,144
2025-05-25 17:19:14,956,768,54,0.0,26.2,0.0,,45,5,41,11%,145
2025-05-25 17:19:21,956,767,53,2.0,16.0,0.0,,45,5,41,11%,144
2025-05-25 17:19:27,956,769,57,0.0,15.7,0.0,,45,5,41,11%,144
2025-05-25 17:19:35,956,765,59,2.4,22.0,0.0,,45,5,41,11%,144
2025-05-25 17:19:44,956,768,53,1.7,15.0,0.0,,45,5,41,11%,146
2025-05-25 17:19:51,956,767,56,0.0,19.7,0.0,,45,5,41,11%,147
2025-05-25 17:19:58,956,768,54,0.0,24.4,0.0,,45,5,41,11%,146
2025-05-25 17:20:04,956,767,56,2.9,14.3,0.0,,45,5,41,11%,146
2025-05-25 17:20:10,956,768,51,0.0,18.6,0.0,,45,5,41,11%,146
2025-05-25 17:20:17,956,768,52,1.2,16.5,0.0,,45,5,41,11%,147
2025-05-25 17:20:24,956,768,52,1.7,18.6,0.0,,45,5,41,11%,147
2025-05-25 17:20:33,956,767,52,1.6,19.7,0.0,,45,5,41,11%,149
2025-05-25 17:20:40,956,769,56,2.3,23.3,0.0,,45,5,41,11%,148
2025-05-25 17:20:46,956,768,54,0.0,13.5,0.0,,45,5,41,11%,148
2025-05-25 17:20:53,956,768,54,4.8,21.4,0.0,,45,5,41,11%,148
2025-05-25 17:20:59,956,768,58,1.6,21.9,0.0,,45,5,41,11%,150
2025-05-25 17:21:06,956,767,56,0.0,17.4,0.0,,45,5,41,11%,148
2025-05-25 17:21:14,956,770,54,2.1,17.0,0.0,,45,5,41,11%,150
2025-05-25 17:21:21,956,767,58,1.7,20.0,0.0,,45,5,41,11%,148
2025-05-25 17:21:29,956,770,58,1.4,19.7,0.0,,45,5,41,11%,150
2025-05-25 17:21:36,956,769,53,0.0,21.3,0.0,,45,5,41,11%,148
2025-05-25 17:21:42,956,767,56,0.0,25.0,0.0,,45,5,41,11%,145
2025-05-25 17:21:49,956,766,57,0.0,22.2,1.6,,45,5,41,11%,145
2025-05-25 17:21:56,956,766,57,1.6,19.7,0.0,,45,5,41,11%,147
2025-05-25 17:22:03,956,765,59,1.7,21.7,0.0,,45,5,41,11%,145
2025-05-25 17:22:10,956,770,56,0.0,21.7,0.0,,45,5,41,11%,146
2025-05-25 17:22:17,956,766,55,0.0,18.8,0.0,,45,5,41,11%,146
2025-05-25 17:22:23,956,770,51,1.1,18.0,0.0,,45,5,41,11%,147
2025-05-25 17:22:31,956,765,52,1.6,18.0,0.0,,45,5,41,11%,146
2025-05-25 17:22:38,956,766,56,0.0,17.9,10.3,,45,5,41,11%,146
2025-05-25 17:22:45,956,766,54,1.6,21.0,0.0,,45,5,41,11%,146
2025-05-25 17:22:53,956,765,58,2.4,21.4,0.0,,45,5,41,11%,146
2025-05-25 17:23:00,956,774,54,2.4,23.8,0.0,,45,5,41,11%,147
2025-05-25 17:23:07,956,766,55,1.7,20.3,0.0,,45,5,41,11%,146
2025-05-25 17:23:14,956,765,58,0.0,19.0,0.0,,45,5,41,11%,147
2025-05-25 17:23:20,956,769,53,1.7,20.0,0.0,,45,5,41,11%,146
2025-05-25 17:23:28,956,766,54,1.7,20.3,0.0,,45,5,41,11%,148
2025-05-25 17:23:35,956,765,57,0.0,26.8,0.0,,45,5,41,11%,146
2025-05-25 17:23:41,956,768,53,4.8,19.0,0.0,,45,5,41,11%,148
2025-05-25 17:23:48,956,767,55,0.0,26.2,0.0,,45,5,41,11%,146
2025-05-25 17:23:54,956,772,52,0.0,19.0,0.0,,45,5,41,11%,147
2025-05-25 17:24:01,956,765,66,3.3,21.3,0.0,,45,5,41,11%,146
2025-05-25 17:24:07,956,766,55,0.0,9.4,0.0,,45,5,41,11%,144
2025-05-25 17:24:16,956,766,57,1.3,16.5,0.0,,45,5,41,11%,149
2025-05-25 17:24:23,956,770,56,0.0,20.0,0.0,,45,5,41,11%,149
2025-05-25 17:24:30,956,767,52,1.6,23.0,0.0,,45,5,41,11%,149
2025-05-25 17:24:38,956,770,52,0.0,19.1,0.0,,45,5,41,11%,148
2025-05-25 17:24:46,956,771,51,2.6,17.9,0.0,,45,5,41,11%,151
2025-05-25 17:24:53,956,770,51,0.0,28.6,0.0,,45,5,41,11%,149
2025-05-25 17:25:00,956,769,56,0.0,18.8,0.0,,45,5,41,11%,149
2025-05-25 17:25:07,956,769,55,0.0,17.0,0.0,,45,5,41,11%,149
2025-05-25 17:25:15,956,768,52,1.7,18.6,0.0,,45,5,41,11%,149
2025-05-25 17:25:22,956,770,53,1.8,19.3,0.0,,45,5,41,11%,151
2025-05-25 17:25:29,956,768,51,1.6,21.3,0.0,,45,5,41,11%,145
2025-05-25 17:25:36,956,773,53,0.0,17.7,0.0,,45,5,41,11%,146
2025-05-25 17:25:42,956,768,61,3.9,14.3,0.0,,45,5,41,11%,145
2025-05-25 17:25:49,956,767,55,0.0,17.6,0.0,,45,5,41,11%,146
2025-05-25 17:25:57,956,766,55,0.0,21.7,1.7,,45,5,41,11%,145
2025-05-25 17:26:03,956,774,50,1.0,9.9,0.0,,45,5,41,11%,145
2025-05-25 17:26:11,956,767,55,2.0,18.4,0.0,,45,5,41,11%,147
2025-05-25 17:26:19,956,765,55,1.7,20.7,0.0,,45,5,41,11%,145
2025-05-25 17:26:26,956,770,51,4.4,20.0,0.0,,45,5,41,11%,146
2025-05-25 17:26:33,956,765,56,0.0,20.3,0.0,,45,5,41,11%,145
2025-05-25 17:26:40,956,764,60,0.0,15.4,0.0,,45,5,41,11%,145
2025-05-25 17:26:47,956,763,60,0.0,16.7,0.0,,45,5,41,11%,145
2025-05-25 17:26:54,956,764,54,0.0,18.4,0.0,,45,5,41,11%,145
2025-05-25 17:27:00,956,769,55,1.7,20.7,0.0,,45,5,41,11%,145
2025-05-25 17:27:06,956,765,53,1.6,19.7,0.0,,45,5,41,11%,145
2025-05-25 17:27:14,956,764,54,0.0,15.2,0.0,,45,5,41,11%,145
2025-05-25 17:27:20,956,766,53,2.6,16.7,0.0,,45,5,41,11%,146
2025-05-25 17:27:27,956,764,59,2.4,24.4,0.0,,45,5,41,11%,145
2025-05-25 17:27:33,956,769,53,1.5,16.2,0.0,,45,5,41,11%,145
2025-05-25 17:27:40,956,764,59,0.0,21.3,0.0,,45,5,41,11%,144
2025-05-25 17:27:47,956,764,59,0.0,21.7,0.0,,45,5,41,11%,144
2025-05-25 17:27:55,956,765,59,0.0,18.3,0.0,,45,5,41,11%,143
2025-05-25 17:28:02,956,764,55,2.4,26.8,0.0,,45,5,41,11%,144
2025-05-25 17:28:09,956,765,57,1.7,21.7,0.0,,45,5,41,11%,145
2025-05-25 17:28:16,956,764,55,0.0,15.6,0.0,,45,5,41,11%,144
2025-05-25 17:28:23,956,765,64,1.4,17.1,0.0,,45,5,41,11%,143
2025-05-25 17:28:31,956,764,54,2.0,16.3,0.0,,45,5,41,11%,145
2025-05-25 17:28:38,956,764,54,1.6,21.3,0.0,,45,5,41,11%,144
2025-05-25 17:28:45,956,764,60,1.8,14.0,0.0,,45,5,41,11%,143
2025-05-25 17:28:51,956,765,54,0.0,20.8,0.0,,45,5,41,11%,144
2025-05-25 17:28:58,956,765,58,2.4,22.0,0.0,,45,5,41,11%,147
2025-05-25 17:29:05,956,767,55,0.0,16.1,0.0,,45,5,41,11%,146
2025-05-25 17:29:12,956,767,55,1.7,16.7,0.0,,45,5,41,11%,149
2025-05-25 17:29:18,956,767,53,0.0,26.2,0.0,,45,5,41,11%,146
2025-05-25 17:29:26,956,772,50,1.7,20.3,0.0,,45,5,41,11%,149
2025-05-25 17:29:32,956,766,58,0.0,22.4,0.0,,45,5,41,11%,149
2025-05-25 17:29:39,956,770,54,2.5,22.5,0.0,,45,5,41,11%,149
2025-05-25 17:29:46,956,767,53,0.0,17.8,0.0,,45,5,41,11%,147
2025-05-25 17:29:52,956,767,55,0.0,16.7,0.0,,45,5,41,11%,148
2025-05-25 17:29:59,956,767,55,2.3,23.3,0.0,,45,5,41,11%,147
2025-05-25 17:30:06,956,766,56,0.0,16.1,0.0,,45,5,41,11%,147
2025-05-25 17:30:14,956,766,57,0.0,20.0,0.0,,45,5,41,11%,147
2025-05-25 17:30:21,956,767,51,1.3,20.3,0.0,,45,5,41,11%,147
2025-05-25 17:30:29,956,767,53,0.0,19.3,0.0,,45,5,41,11%,148
2025-05-25 17:30:36,956,767,50,0.0,21.3,0.0,,45,5,41,11%,148
2025-05-25 17:30:43,956,766,54,0.0,17.2,0.0,,45,5,41,11%,148
2025-05-25 17:30:49,956,767,55,1.0,20.6,0.0,,45,5,41,11%,148
2025-05-25 17:30:56,956,766,53,0.0,25.6,0.0,,45,5,41,11%,145
2025-05-25 17:31:04,956,765,57,0.0,21.0,0.0,,45,5,41,11%,146
2025-05-25 17:31:11,956,767,51,4.8,19.0,0.0,,45,5,41,11%,149
2025-05-25 17:31:19,956,764,57,0.0,20.5,0.0,,45,5,41,11%,145
2025-05-25 17:31:26,956,767,55,4.8,21.0,0.0,,45,5,41,11%,145
2025-05-25 17:31:33,956,765,54,0.0,21.1,0.0,,45,5,41,11%,143
2025-05-25 17:31:39,956,764,54,0.0,20.0,0.0,,45,5,41,11%,145
2025-05-25 17:31:46,956,764,58,0.0,20.0,0.0,,45,5,41,11%,143
2025-05-25 17:31:52,956,764,64,1.3,19.0,0.0,,45,5,41,11%,143
2025-05-25 17:32:00,956,765,55,1.6,20.6,0.0,,45,5,41,11%,143
2025-05-25 17:32:08,956,765,53,1.0,19.2,0.0,,45,5,41,11%,143
2025-05-25 17:32:15,956,764,58,0.0,16.9,0.0,,45,5,41,11%,144
2025-05-25 17:32:23,956,764,54,0.0,17.6,0.0,,45,5,41,11%,144
2025-05-25 17:32:30,956,764,60,1.5,16.9,0.0,,45,5,41,11%,144
2025-05-25 17:32:37,956,764,60,0.8,16.3,6.5,,45,5,41,11%,144
2025-05-25 17:32:44,956,765,52,0.0,26.2,0.0,,45,5,41,11%,144
2025-05-25 17:32:52,956,764,60,2.4,13.7,0.0,,45,5,41,11%,145
2025-05-25 17:32:59,956,765,57,1.5,17.9,0.0,,45,5,41,11%,144
2025-05-25 17:33:06,956,766,57,1.7,20.0,0.0,,45,5,41,11%,143
2025-05-25 17:33:13,956,766,56,4.9,19.7,0.0,,45,5,41,11%,145
2025-05-25 17:33:20,956,767,55,2.9,16.2,0.0,,45,5,41,11%,146
2025-05-25 17:33:27,956,764,61,0.0,18.4,2.6,,45,5,41,11%,146
2025-05-25 17:33:34,956,764,57,1.6,21.0,0.0,,45,5,41,11%,144
2025-05-25 17:33:42,956,767,57,0.0,17.2,0.0,,45,5,41,11%,147
2025-05-25 17:33:49,956,767,56,0.0,19.3,0.0,,45,5,41,11%,147
2025-05-25 17:33:56,956,769,52,0.0,17.2,0.0,,45,5,41,11%,147
2025-05-25 17:34:04,956,767,55,4.8,19.4,0.0,,45,5,41,11%,147
2025-05-25 17:34:10,956,767,52,1.7,21.7,0.0,,45,5,41,11%,147
2025-05-25 17:34:17,956,767,53,0.0,16.3,0.0,,45,5,41,11%,146
2025-05-25 17:34:25,956,766,53,0.0,17.7,0.0,,45,5,41,11%,147
2025-05-25 17:34:32,956,768,55,0.0,23.4,1.6,,45,5,41,11%,147
2025-05-25 17:34:40,956,766,52,0.0,17.7,0.0,,45,5,41,11%,147
2025-05-25 17:34:47,956,767,57,0.0,17.9,0.0,,45,5,41,11%,144
2025-05-25 17:34:55,956,767,55,0.9,14.0,0.0,,45,5,41,11%,144
2025-05-25 17:35:04,956,766,53,0.0,17.4,0.0,,45,5,41,11%,145
2025-05-25 17:35:11,956,772,49,0.0,23.8,0.0,,45,5,41,11%,147
2025-05-25 17:35:18,956,767,51,0.0,16.7,0.0,,45,5,41,11%,145
2025-05-25 17:35:24,956,768,52,0.0,19.8,0.0,,45,5,41,11%,146
2025-05-25 17:35:32,956,766,58,1.5,19.1,0.0,,45,5,41,11%,145
2025-05-25 17:35:40,956,767,54,1.6,24.2,1.6,,45,5,41,11%,145
2025-05-25 17:35:46,956,765,56,0.0,22.5,0.0,,45,5,41,11%,143
2025-05-25 17:35:53,956,773,47,1.5,19.1,0.0,,45,5,41,11%,142
2025-05-25 17:36:01,956,768,58,1.7,20.3,0.0,,45,5,41,11%,142
2025-05-25 17:36:07,956,770,54,0.0,23.3,0.0,,45,5,41,11%,143
2025-05-25 17:36:14,956,765,54,0.0,21.1,0.0,,45,5,41,11%,142
2025-05-25 17:36:21,956,767,54,5.0,20.0,0.0,,45,5,41,11%,143
2025-05-25 17:36:27,956,765,55,0.0,30.2,0.0,,45,5,41,11%,143
2025-05-25 17:36:34,956,765,59,1.3,17.1,0.0,,45,5,41,11%,144
2025-05-25 17:36:42,956,767,56,1.6,19.7,0.0,,45,5,41,11%,143
2025-05-25 17:36:49,956,764,59,1.1,15.4,0.0,,45,5,41,11%,143
2025-05-25 17:36:58,956,766,59,4.8,21.4,0.0,,45,5,41,11%,143
2025-05-25 17:37:04,956,765,57,2.4,19.0,0.0,,45,5,41,11%,144
2025-05-25 17:37:11,956,765,59,0.0,21.3,1.6,,45,5,41,11%,144
2025-05-25 17:37:18,956,765,57,4.8,16.1,0.0,,45,5,41,11%,144
2025-05-25 17:37:24,956,769,57,1.0,18.2,0.0,,45,5,41,11%,144
2025-05-25 17:37:32,956,764,61,1.2,17.5,0.0,,45,5,41,11%,144
2025-05-25 17:37:40,956,764,54,0.0,19.0,0.0,,45,5,41,11%,144
2025-05-25 17:37:48,956,767,52,1.3,14.7,0.0,,45,5,41,11%,144
2025-05-25 17:37:55,956,768,55,0.0,17.2,0.0,,45,5,41,11%,146
2025-05-25 17:38:03,956,766,57,0.0,19.0,0.0,,45,5,41,11%,144
2025-05-25 17:38:11,956,764,58,1.4,14.5,0.0,,45,5,41,11%,145
2025-05-25 17:38:19,956,768,59,1.7,20.0,0.0,,45,5,41,11%,149
2025-05-25 17:38:26,956,767,56,0.0,20.8,2.1,,45,5,41,11%,147
2025-05-25 17:38:32,956,768,55,0.0,24.4,0.0,,45,5,41,11%,147
2025-05-25 17:38:39,956,768,52,0.0,19.3,0.0,,45,5,41,11%,147
2025-05-25 17:38:45,956,767,57,0.0,18.4,0.0,,45,5,41,11%,147
2025-05-25 17:38:53,956,767,51,1.6,22.6,0.0,,45,5,41,11%,147
2025-05-25 17:39:01,956,767,53,0.0,14.9,0.0,,45,5,41,11%,147
2025-05-25 17:39:09,956,767,55,1.3,19.0,0.0,,45,5,41,11%,146
2025-05-25 17:39:17,956,767,54,3.3,18.3,0.0,,45,5,41,11%,147
2025-05-25 17:39:24,956,767,59,0.0,18.4,0.0,,45,5,41,11%,147
2025-05-25 17:39:31,956,768,51,1.3,15.6,0.0,,45,5,41,11%,147
2025-05-25 17:39:38,956,767,56,0.0,17.2,0.0,,45,5,41,11%,147
2025-05-25 17:39:46,956,771,52,0.0,19.7,0.0,,45,5,41,11%,147
2025-05-25 17:39:53,956,766,65,0.0,20.7,0.0,,45,5,41,11%,150
2025-05-25 17:40:00,956,766,59,0.0,18.0,0.0,,45,5,41,11%,148
2025-05-25 17:40:08,956,766,57,0.0,20.4,16.3,,45,5,41,11%,148
2025-05-25 17:40:15,956,769,51,0.0,17.0,0.0,,45,5,41,11%,146
2025-05-25 17:40:21,956,767,54,0.0,21.0,0.0,,45,5,41,11%,147
2025-05-25 17:40:28,956,766,55,0.0,17.7,0.0,,45,5,41,11%,147
2025-05-25 17:40:36,956,764,54,0.0,16.7,0.0,,45,5,41,11%,146
2025-05-25 17:40:43,956,767,53,1.3,19.0,0.0,,45,5,41,11%,147
2025-05-25 17:40:50,956,765,55,2.3,25.6,0.0,,45,5,41,11%,146
2025-05-25 17:40:56,956,770,56,2.4,21.4,0.0,,45,5,41,11%,148
2025-05-25 17:41:03,956,765,58,0.0,25.0,0.0,,45,5,41,11%,146
2025-05-25 17:41:09,956,770,56,1.1,16.0,0.0,,45,5,41,11%,146
2025-05-25 17:41:17,956,765,58,1.6,24.2,0.0,,45,5,41,11%,146
2025-05-25 17:41:24,956,765,62,1.9,16.7,0.0,,45,5,41,11%,146
2025-05-25 17:41:32,956,765,60,0.0,17.2,0.0,,45,5,41,11%,145
2025-05-25 17:41:39,956,765,57,1.5,16.4,0.0,,45,5,41,11%,145
2025-05-25 17:41:46,956,765,57,0.0,22.0,0.0,,45,5,41,11%,145
2025-05-25 17:41:53,956,766,57,0.0,20.0,0.0,,45,5,41,11%,145
2025-05-25 17:42:01,956,764,60,1.2,14.1,0.0,,45,5,41,11%,145
2025-05-25 17:42:09,956,766,56,0.0,21.3,0.0,,45,5,41,11%,146
2025-05-25 17:42:17,956,767,58,1.3,19.0,0.0,,45,5,41,11%,144
2025-05-25 17:42:24,956,766,54,0.0,14.9,0.0,,45,5,41,11%,145
2025-05-25 17:42:31,956,767,58,1.2,15.1,0.0,,45,5,41,11%,147
2025-05-25 17:42:38,956,769,60,1.4,15.1,0.0,,45,5,41,11%,146
2025-05-25 17:42:45,956,766,54,2.4,22.0,0.0,,45,5,41,11%,145
2025-05-25 17:42:52,956,765,57,0.0,16.2,0.0,,45,5,41,11%,145
2025-05-25 17:43:01,956,769,52,1.1,12.0,0.0,,45,5,41,11%,146
2025-05-25 17:43:08,956,769,56,1.6,21.0,0.0,,45,5,41,11%,148
2025-05-25 17:43:14,956,768,52,1.7,16.9,0.0,,45,5,41,11%,145
2025-05-25 17:43:20,956,767,54,0.0,17.0,0.0,,45,5,41,11%,145
2025-05-25 17:43:29,956,770,50,0.0,15.5,0.0,,45,5,41,11%,145
2025-05-25 17:43:39,956,769,53,0.0,23.4,0.0,,45,5,41,11%,145
2025-05-25 17:43:47,956,771,54,0.0,22.0,0.0,,45,5,41,11%,146
2025-05-25 17:43:53,956,768,52,0.0,20.5,0.0,,45,5,41,11%,145
2025-05-25 17:44:00,956,768,56,0.9,15.1,0.0,,45,5,41,11%,146
2025-05-25 17:44:08,956,768,57,1.6,21.3,0.0,,45,5,41,11%,146
2025-05-25 17:44:16,956,768,64,0.0,15.6,0.0,,45,5,41,11%,147
2025-05-25 17:44:23,956,768,53,2.6,14.3,0.0,,45,5,41,11%,146
2025-05-25 17:44:30,956,769,52,2.4,22.0,0.0,,45,5,41,11%,146
2025-05-25 17:44:37,956,767,52,1.6,20.6,0.0,,45,5,41,11%,146
2025-05-25 17:44:44,956,768,55,1.0,18.2,0.0,,45,5,41,11%,146
2025-05-25 17:44:52,956,769,50,0.0,20.5,0.0,,45,5,41,11%,145
2025-05-25 17:44:59,956,770,57,0.0,21.7,0.0,,45,5,41,11%,145
2025-05-25 17:45:06,956,766,54,0.0,17.0,17.0,,45,5,41,11%,143
2025-05-25 17:45:12,956,769,52,1.3,17.7,0.0,,45,5,41,11%,143
2025-05-25 17:45:20,956,766,59,1.5,17.6,1.5,,45,5,41,11%,142
2025-05-25 17:45:28,956,765,56,1.6,19.7,0.0,,45,5,41,11%,143
2025-05-25 17:45:35,956,771,49,0.0,15.4,0.0,,45,5,41,11%,144
2025-05-25 17:45:42,956,766,53,0.0,16.9,0.0,,45,5,41,11%,143
2025-05-25 17:45:49,956,770,52,0.0,20.3,0.0,,45,5,41,11%,144
2025-05-25 17:45:56,956,765,62,1.7,18.6,0.0,,45,5,41,11%,143
2025-05-25 17:46:03,956,765,58,1.7,16.7,0.0,,45,5,41,11%,142
2025-05-25 17:46:12,956,765,56,1.1,16.1,0.0,,45,5,41,11%,144
2025-05-25 17:46:19,956,767,51,1.7,17.2,0.0,,45,5,41,11%,143
2025-05-25 17:46:25,956,766,52,1.2,18.3,0.0,,45,5,41,11%,144
2025-05-25 17:46:32,956,765,52,0.0,17.5,0.0,,45,5,41,11%,143
2025-05-25 17:46:38,956,766,56,1.7,16.9,0.0,,45,5,41,11%,145
2025-05-25 17:46:45,956,766,55,0.0,21.1,0.0,,45,5,41,11%,143
2025-05-25 17:46:51,956,768,53,2.0,16.0,0.0,,45,5,41,11%,145
2025-05-25 17:46:58,956,765,56,3.4,15.5,0.0,,45,5,41,11%,143
2025-05-25 17:47:05,956,770,51,0.0,20.0,0.0,,45,5,41,11%,144
2025-05-25 17:47:13,956,773,52,0.0,15.1,0.0,,45,5,41,11%,144
2025-05-25 17:47:20,956,768,57,2.6,17.9,0.0,,45,5,41,11%,144
2025-05-25 17:47:26,956,772,52,0.0,23.0,0.0,,45,5,41,11%,145
2025-05-25 17:47:32,956,768,51,0.0,20.3,0.0,,45,5,41,11%,144
2025-05-25 17:47:38,956,774,52,1.7,20.0,0.0,,45,5,41,11%,148
2025-05-25 17:47:45,956,770,54,0.0,21.3,0.0,,45,5,41,11%,146
2025-05-25 17:47:51,956,771,48,1.6,18.0,0.0,,45,5,41,11%,145
2025-05-25 17:48:00,956,769,54,1.6,20.6,0.0,,45,5,41,11%,144
2025-05-25 17:48:08,956,769,52,0.0,16.7,4.4,,45,5,41,11%,145
2025-05-25 17:48:15,956,769,53,0.0,20.0,0.0,,45,5,41,11%,145
2025-05-25 17:48:24,956,770,51,0.0,25.6,0.0,,45,5,41,11%,144
2025-05-25 17:48:33,956,755,58,0.0,14.1,0.0,,45,5,41,11%,133
2025-05-25 17:48:40,956,754,62,0.0,17.0,0.0,,45,5,41,11%,135
2025-05-25 17:48:47,956,754,61,0.0,26.8,0.0,,45,5,41,11%,135
2025-05-25 17:48:53,956,757,64,2.6,20.5,0.0,,45,5,41,11%,136
2025-05-25 17:48:59,956,754,59,1.8,21.1,0.0,,45,5,41,11%,135
2025-05-25 17:49:06,956,756,61,1.7,17.2,0.0,,45,5,41,11%,135
2025-05-25 17:49:14,956,756,58,0.0,17.7,0.0,,45,5,41,11%,136
2025-05-25 17:49:21,956,754,57,0.0,24.4,0.0,,45,5,41,11%,136
2025-05-25 17:49:27,956,758,60,1.7,16.9,0.0,,45,5,41,11%,136
2025-05-25 17:49:33,956,754,61,0.0,20.4,16.3,,45,5,41,11%,136
2025-05-25 17:49:40,956,751,61,0.0,20.0,0.0,,45,5,41,11%,134
2025-05-25 17:49:47,956,752,60,1.8,15.8,0.0,,45,5,41,11%,136
2025-05-25 17:49:54,956,751,60,5.1,17.9,0.0,,45,5,41,11%,134
2025-05-25 17:50:00,956,751,65,0.0,15.9,0.0,,45,5,41,11%,134
2025-05-25 17:50:06,956,752,65,0.0,22.5,0.0,,45,5,41,11%,136
2025-05-25 17:50:12,956,751,64,0.0,19.3,0.0,,45,5,41,11%,134
2025-05-25 17:50:19,956,753,62,0.0,16.9,12.3,,45,5,41,11%,134
2025-05-25 17:50:25,956,753,62,1.6,20.6,0.0,,45,5,41,11%,134
2025-05-25 17:50:32,956,753,63,0.0,19.4,0.0,,45,5,41,11%,134
2025-05-25 17:50:38,956,752,60,1.4,11.1,0.0,,45,5,41,11%,133
2025-05-25 17:50:45,956,751,64,0.0,21.4,0.0,,45,5,41,11%,134
2025-05-25 17:50:52,956,751,73,0.0,23.1,0.0,,45,5,41,11%,134
2025-05-25 17:50:58,956,753,64,0.0,14.8,0.0,,45,5,41,11%,134
2025-05-25 17:51:05,956,751,61,1.4,15.7,0.0,,45,5,41,11%,135
2025-05-25 17:51:11,956,753,66,0.0,18.8,1.6,,45,5,41,11%,134
2025-05-25 17:51:17,956,753,59,0.0,26.8,19.5,,45,5,41,11%,134
2025-05-25 17:51:23,956,753,63,0.0,20.0,20.0,,45,5,41,11%,134
2025-05-25 17:51:29,956,753,66,1.5,12.3,0.0,,45,5,41,11%,135
2025-05-25 17:51:36,956,751,65,0.0,20.5,0.0,,45,5,41,11%,134
2025-05-25 17:51:42,956,751,60,0.0,17.9,23.1,,45,5,41,11%,134
2025-05-25 17:51:48,956,756,59,0.0,16.7,35.7,,45,5,41,11%,134
2025-05-25 17:51:53,956,752,64,1.8,15.8,0.0,,45,5,41,11%,135
2025-05-25 17:52:00,956,753,60,0.0,19.3,17.5,,45,5,41,11%,134
2025-05-25 17:52:06,956,753,67,2.3,20.9,2.3,,45,5,41,11%,134
2025-05-25 17:52:12,956,752,65,1.8,12.5,16.1,,45,5,41,11%,133
2025-05-25 17:52:18,956,754,63,4.0,18.0,0.0,,45,5,41,11%,135
2025-05-25 17:52:25,956,755,66,0.0,17.0,0.0,,45,5,41,11%,136
2025-05-25 17:52:31,956,754,64,0.0,22.9,16.7,,45,5,41,11%,136
2025-05-25 17:52:37,956,760,57,0.0,16.7,0.0,,45,5,41,11%,137
2025-05-25 17:52:44,956,754,60,0.0,14.8,14.8,,45,5,41,11%,137
2025-05-25 17:52:50,956,755,59,0.0,18.5,15.4,,45,5,41,11%,136
2025-05-25 17:52:56,956,754,63,0.0,25.0,22.7,,45,5,41,11%,136
2025-05-25 17:53:02,956,755,62,0.0,23.1,2.6,,45,5,41,11%,136
2025-05-25 17:53:09,956,757,60,2.1,16.7,16.7,,45,5,41,11%,137
2025-05-25 17:53:15,956,755,59,0.0,22.0,0.0,,45,5,41,11%,136
2025-05-25 17:53:21,956,757,65,2.6,18.4,18.4,,45,5,41,11%,136
2025-05-25 17:53:27,956,757,59,0.0,23.1,5.1,,45,5,41,11%,136
2025-05-25 17:53:33,956,757,61,2.2,17.4,0.0,,45,5,41,11%,138
2025-05-25 17:53:39,956,757,58,0.0,19.4,1.6,,45,5,41,11%,136
2025-05-25 17:53:45,956,757,61,1.7,21.7,5.0,,45,5,41,11%,136
2025-05-25 17:53:51,956,759,61,0.0,24.5,30.6,,45,5,41,11%,132
2025-05-25 17:53:58,956,762,54,0.0,19.0,0.0,,45,5,41,11%,132
2025-05-25 17:54:04,956,758,58,1.3,16.0,0.0,,45,5,41,11%,132
2025-05-25 17:54:11,956,758,63,0.0,17.0,15.1,,45,5,41,11%,132
2025-05-25 17:54:17,956,757,57,0.0,21.4,0.0,,45,5,41,11%,130
2025-05-25 17:54:23,956,758,59,0.0,20.5,0.0,,45,5,41,11%,134
2025-05-25 17:54:29,956,756,64,0.0,21.2,30.8,,45,5,41,11%,130
2025-05-25 17:54:35,956,758,62,0.0,18.8,16.7,,45,5,41,11%,130
2025-05-25 17:54:41,956,756,59,0.0,17.2,15.6,,45,5,41,11%,130
2025-05-25 17:54:47,956,759,60,0.0,14.5,13.0,,45,5,41,11%,130
2025-05-25 17:54:54,956,759,65,0.0,20.7,0.0,,45,5,41,11%,130
2025-05-25 17:55:01,956,758,60,2.5,17.5,0.0,,45,5,41,11%,130
2025-05-25 17:55:07,956,759,61,2.5,19.0,0.0,,45,5,41,11%,131
2025-05-25 17:55:14,956,758,61,1.5,17.9,11.9,,45,5,41,11%,130
2025-05-25 17:55:21,956,759,56,0.0,18.2,1.5,,45,5,41,11%,130
2025-05-25 17:55:28,956,764,58,2.6,15.8,0.0,,45,5,41,11%,130
2025-05-25 17:55:34,956,760,62,5.1,13.6,0.0,,45,5,41,11%,130
2025-05-25 17:55:40,956,759,56,0.0,21.7,1.7,,45,5,41,11%,130
2025-05-25 17:55:47,956,758,58,0.0,22.5,2.5,,45,5,41,11%,133
2025-05-25 17:55:53,956,759,56,2.3,23.3,0.0,,45,5,41,11%,130
2025-05-25 17:56:00,956,758,59,0.0,22.0,0.0,,45,5,41,11%,130
2025-05-25 17:56:07,956,757,61,2.1,16.7,0.0,,45,5,41,11%,131
2025-05-25 17:56:14,956,758,57,0.0,23.1,20.5,,45,5,41,11%,130
2025-05-25 17:56:20,956,758,64,0.0,26.2,21.4,,45,5,41,11%,130
2025-05-25 17:56:26,956,759,60,3.2,3.2,93.5,,45,5,41,11%,130
2025-05-25 17:56:31,956,766,55,0.0,9.5,59.5,,45,5,41,11%,130
2025-05-25 17:56:36,956,762,55,3.0,3.0,90.9,,45,5,41,11%,130
2025-05-25 17:56:42,956,763,59,1.4,5.7,22.9,,45,5,41,11%,130
2025-05-25 17:56:48,956,759,61,4.3,10.6,4.3,,45,5,41,11%,131
2025-05-25 17:56:53,956,763,61,0.0,6.5,83.9,,45,5,41,11%,130
2025-05-25 17:56:59,956,759,60,0.0,3.1,96.9,,45,5,41,11%,130
2025-05-25 17:57:04,956,758,65,0.0,3.1,96.9,,45,5,41,11%,130
2025-05-25 17:57:10,956,758,62,0.0,16.7,47.2,,45,5,41,11%,130
2025-05-25 17:57:16,956,764,56,0.0,17.7,0.0,,45,5,41,11%,130
2025-05-25 17:57:23,956,758,60,0.0,2.2,80.0,,45,5,41,11%,130
2025-05-25 17:57:28,956,758,60,0.0,3.2,96.8,,45,5,41,11%,130
2025-05-25 17:57:33,956,757,63,0.0,2.6,87.2,,45,5,41,11%,130
2025-05-25 17:57:39,956,757,60,1.7,20.0,18.3,,45,5,41,11%,131
2025-05-25 17:57:45,956,763,62,1.4,4.1,1.4,,45,5,41,11%,130
2025-05-25 17:57:51,956,758,60,2.1,16.7,16.7,,45,5,41,11%,132
2025-05-25 17:57:57,956,759,59,0.0,3.1,96.9,,45,5,41,11%,130
2025-05-25 17:58:02,956,765,52,0.0,3.2,96.8,,45,5,41,11%,130
2025-05-25 17:58:07,956,757,60,0.0,3.1,96.9,,45,5,41,11%,130
2025-05-25 17:58:12,956,760,58,0.0,15.4,27.7,,45,5,41,11%,130
2025-05-25 17:58:18,956,758,61,2.8,2.8,86.1,,45,5,41,11%,130
2025-05-25 17:58:23,956,759,61,0.0,3.1,96.9,,45,5,41,11%,130
2025-05-25 17:58:28,956,758,67,3.1,6.2,90.6,,45,5,41,11%,130
2025-05-25 17:58:34,956,762,57,1.7,16.9,32.2,,45,5,41,11%,132
2025-05-25 17:58:39,956,761,59,0.0,3.1,96.9,,45,5,41,11%,130
2025-05-25 17:58:44,956,758,61,0.0,20.5,38.5,,45,5,41,11%,130
2025-05-25 17:58:50,956,761,64,0.0,0.0,id,,,45,5,41,11%,130
2025-05-25 17:58:55,956,761,60,0.0,3.1,96.9,,45,5,41,11%,130
2025-05-25 17:59:00,956,765,55,0.0,3.1,96.9,,45,5,41,11%,130
2025-05-25 17:59:05,956,761,58,0.0,3.1,96.9,,45,5,41,11%,130
2025-05-25 17:59:11,956,759,65,0.0,3.1,96.9,,45,5,41,11%,130
2025-05-25 17:59:16,956,762,57,0.0,3.1,96.9,,45,5,41,11%,130
2025-05-25 17:59:21,956,759,64,0.0,0.0,id,,,45,5,41,11%,130
2025-05-25 17:59:26,956,759,56,0.0,3.2,96.8,,45,5,41,11%,129
2025-05-25 17:59:32,956,759,60,0.0,17.2,29.7,,45,5,41,11%,129
2025-05-25 17:59:37,956,760,60,0.0,3.2,96.8,,45,5,41,11%,129
2025-05-25 17:59:42,956,760,58,3.1,3.1,93.8,,45,5,41,11%,129
2025-05-25 17:59:47,956,759,60,0.0,0.0,id,,,45,5,41,11%,129
2025-05-25 17:59:53,956,762,56,0.0,3.2,96.8,,45,5,41,11%,129
2025-05-25 17:59:58,956,759,60,0.0,3.1,96.9,,45,5,41,11%,129
2025-05-25 18:00:03,956,762,55,0.0,3.1,96.9,,45,5,41,11%,129
2025-05-25 18:00:08,956,761,57,0.0,3.1,96.9,,45,5,41,11%,129
2025-05-25 18:00:13,956,763,58,3.1,0.0,96.9,,45,5,41,11%,129
2025-05-25 18:00:19,956,763,58,6.2,6.2,78.1,,45,5,41,11%,131
2025-05-25 18:00:24,956,760,56,0.0,3.2,96.8,,45,5,41,11%,129
2025-05-25 18:00:29,956,763,56,0.0,3.1,93.8,,45,5,41,11%,129
2025-05-25 18:00:34,956,761,58,3.1,3.1,93.8,,45,5,41,11%,128
2025-05-25 18:00:39,956,762,55,0.0,3.2,96.8,,45,5,41,11%,129
2025-05-25 18:00:45,956,760,61,0.0,3.1,96.9,,45,5,41,11%,129
2025-05-25 18:00:50,956,760,58,3.0,3.0,93.9,,45,5,41,11%,129
2025-05-25 18:00:55,956,758,61,0.0,3.1,96.9,,45,5,41,11%,129
2025-05-25 18:01:00,956,759,62,3.2,0.0,96.8,,45,5,41,11%,129
2025-05-25 18:01:05,956,759,59,0.0,3.1,96.9,,45,5,41,11%,129
2025-05-25 18:01:11,956,763,57,0.0,3.1,96.9,,45,5,41,11%,128
2025-05-25 18:01:16,956,764,59,3.1,0.0,96.9,,45,5,41,11%,128
2025-05-25 18:01:21,956,763,56,0.0,3.1,96.9,,45,5,41,11%,128
2025-05-25 18:01:26,956,760,56,0.0,3.2,96.8,,45,5,41,11%,128
2025-05-25 18:01:32,956,759,62,0.0,24.4,34.1,,45,5,41,11%,128
2025-05-25 18:01:37,956,766,55,0.0,0.0,id,,,45,5,41,11%,130
2025-05-25 18:01:42,956,764,56,3.0,3.0,93.9,,45,5,41,11%,130
2025-05-25 18:01:47,956,763,54,0.0,3.2,96.8,,45,5,41,11%,130
2025-05-25 18:01:52,956,761,56,0.0,3.2,96.8,,45,5,41,11%,130
2025-05-25 18:01:58,956,761,60,0.0,3.1,96.9,,45,5,41,11%,130
2025-05-25 18:02:03,956,762,58,3.1,0.0,96.9,,45,5,41,11%,130
2025-05-25 18:02:08,956,761,56,3.1,0.0,96.9,,45,5,41,11%,130
2025-05-25 18:02:13,956,760,57,0.0,3.2,96.8,,45,5,41,11%,130
2025-05-25 18:02:19,956,761,57,3.1,0.0,96.9,,45,5,41,11%,130
2025-05-25 18:02:24,956,760,67,3.0,0.0,93.9,,45,5,41,11%,130
2025-05-25 18:02:29,956,762,57,0.0,3.1,93.8,,45,5,41,11%,130
2025-05-25 18:02:34,956,760,58,0.0,0.0,id,,,45,5,41,11%,130
2025-05-25 18:02:39,956,761,55,3.0,3.0,93.9,,45,5,41,11%,129
2025-05-25 18:02:45,956,760,65,0.0,3.1,96.9,,45,5,41,11%,129
2025-05-25 18:02:50,956,761,55,3.1,3.1,93.8,,45,5,41,11%,129
2025-05-25 18:02:55,956,765,59,0.0,2.8,86.1,,45,5,41,11%,129
2025-05-25 18:03:00,956,767,56,0.0,3.2,96.8,,45,5,41,11%,129
2025-05-25 18:03:06,956,761,56,0.0,3.2,96.8,,45,5,41,11%,129
2025-05-25 18:03:11,956,761,57,0.0,3.2,96.8,,45,5,41,11%,128
2025-05-25 18:03:16,956,763,61,0.0,3.1,96.9,,45,5,41,11%,128
2025-05-25 18:03:21,956,762,59,3.0,3.0,93.9,,45,5,41,11%,128
2025-05-25 18:03:26,956,764,57,0.0,0.0,id,,,45,5,41,11%,128
2025-05-25 18:03:32,956,761,55,0.0,16.3,32.6,,45,5,41,11%,128
2025-05-25 18:03:37,956,759,62,0.0,3.1,96.9,,45,5,41,11%,126
2025-05-25 18:03:42,956,763,56,0.0,3.1,96.9,,45,5,41,11%,126
2025-05-25 18:03:47,956,759,61,0.0,15.6,78.1,,45,5,41,11%,126
2025-05-25 18:03:53,956,760,58,0.0,3.2,96.8,,45,5,41,11%,126
2025-05-25 18:03:58,956,766,61,0.0,0.0,id,,,45,5,41,11%,126
2025-05-25 18:04:03,956,764,56,0.0,16.7,39.6,,45,5,41,11%,126
2025-05-25 18:04:08,956,766,53,0.0,0.0,id,,,45,5,41,11%,126
2025-05-25 18:04:14,956,760,60,0.0,0.0,id,,,45,5,41,11%,126
2025-05-25 18:04:19,956,764,55,3.0,3.0,93.9,,45,5,41,11%,126
2025-05-25 18:04:24,956,767,52,0.0,3.1,96.9,,45,5,41,11%,126
2025-05-25 18:04:29,956,762,57,3.0,3.0,93.9,,45,5,41,11%,126
2025-05-25 18:04:34,956,761,55,3.0,3.0,93.9,,45,5,41,11%,126
2025-05-25 18:04:40,956,759,57,0.0,3.1,96.9,,45,5,41,11%,126
2025-05-25 18:04:45,956,758,62,0.0,3.1,96.9,,45,5,41,11%,126
2025-05-25 18:04:50,956,757,60,0.0,3.1,96.9,,45,5,41,11%,127
2025-05-25 18:04:55,956,765,58,0.0,0.0,id,,,45,5,41,11%,127
2025-05-25 18:05:00,956,758,58,0.0,3.1,96.9,,45,5,41,11%,127
2025-05-25 18:05:06,956,757,57,0.0,18.4,5.3,,45,5,41,11%,127
2025-05-25 18:05:11,956,759,57,3.0,0.0,93.9,,45,5,41,11%,127
2025-05-25 18:05:16,956,759,61,0.0,3.1,96.9,,45,5,41,11%,127
2025-05-25 18:05:22,956,763,54,0.0,3.1,96.9,,45,5,41,11%,127
2025-05-25 18:05:27,956,758,58,2.4,2.4,81.0,,45,5,41,11%,127
2025-05-25 18:05:32,956,758,63,0.0,18.2,25.5,,45,5,41,11%,127
2025-05-25 18:05:37,956,759,63,0.0,3.3,96.7,,45,5,41,11%,127
2025-05-25 18:05:43,956,759,61,0.0,3.1,96.9,,45,5,41,11%,127
2025-05-25 18:05:48,956,762,60,0.0,3.1,96.9,,45,5,41,11%,127
2025-05-25 18:05:53,956,761,55,0.0,3.1,96.9,,45,5,41,11%,127
2025-05-25 18:05:58,956,760,64,0.0,3.1,96.9,,45,5,41,11%,127
2025-05-25 18:06:03,956,766,52,0.0,3.1,96.9,,45,5,41,11%,128
2025-05-25 18:06:09,956,760,59,0.0,0.0,id,,,45,5,41,11%,130
2025-05-25 18:06:14,956,760,62,0.0,0.0,id,,,45,5,41,11%,130
2025-05-25 18:06:19,956,765,58,0.0,3.1,96.9,,45,5,41,11%,131
2025-05-25 18:06:24,956,763,61,0.0,3.1,96.9,,45,5,41,11%,129
2025-05-25 18:06:30,956,760,60,3.0,3.0,93.9,,45,5,41,11%,129
2025-05-25 18:06:35,956,760,57,3.2,0.0,96.8,,45,5,41,11%,129
2025-05-25 18:06:40,956,762,60,0.0,3.1,96.9,,45,5,41,11%,129
2025-05-25 18:06:45,956,761,58,0.0,3.1,96.9,,45,5,41,11%,129
2025-05-25 18:06:50,956,761,58,3.1,3.1,93.8,,45,5,41,11%,129
2025-05-25 18:06:56,956,762,56,0.0,3.1,96.9,,45,5,41,11%,129
2025-05-25 18:07:01,956,766,53,5.0,7.5,65.0,,45,5,41,11%,129
2025-05-25 18:07:06,956,761,59,5.1,10.3,23.1,,45,5,41,11%,129
2025-05-25 18:07:11,956,765,56,0.0,5.6,58.3,,45,5,41,11%,129
2025-05-25 18:07:17,956,768,52,0.0,3.2,96.8,,45,5,41,11%,129
2025-05-25 18:07:22,956,760,61,0.0,3.1,96.9,,45,5,41,11%,129
2025-05-25 18:07:27,956,765,53,0.0,0.0,id,,,45,5,41,11%,129
2025-05-25 18:07:32,956,764,57,0.0,12.1,0.0,,45,5,41,11%,129
2025-05-25 18:07:38,956,760,57,0.0,4.4,4.4,,45,5,41,11%,130
2025-05-25 18:07:44,956,759,63,0.0,2.3,79.1,,45,5,41,11%,129
2025-05-25 18:07:50,956,766,57,0.0,0.0,96.9,,45,5,41,11%,129
2025-05-25 18:07:55,956,760,59,3.1,0.0,93.8,,45,5,41,11%,129
2025-05-25 18:08:00,956,761,57,0.0,3.1,96.9,,45,5,41,11%,129
2025-05-25 18:08:06,956,765,56,7.5,15.0,5.0,,45,5,41,11%,129
2025-05-25 18:08:12,956,760,57,2.1,12.5,20.8,,45,5,41,11%,129
2025-05-25 18:08:17,956,759,61,1.3,6.4,12.8,,45,5,41,11%,128
2025-05-25 18:08:23,956,760,56,2.6,12.8,20.5,,45,5,41,11%,128
2025-05-25 18:08:29,956,758,61,0.0,2.3,81.4,,45,5,41,11%,128
2025-05-25 18:08:35,956,758,57,0.0,3.1,96.9,,45,5,41,11%,128
2025-05-25 18:08:40,956,759,57,3.0,3.0,93.9,,45,5,41,11%,128
2025-05-25 18:08:45,956,758,62,0.0,0.0,91.2,,45,5,41,11%,128
2025-05-25 18:08:50,956,761,55,0.0,3.2,96.8,,45,5,41,11%,128
2025-05-25 18:08:55,956,760,59,0.0,3.2,96.8,,45,5,41,11%,128
2025-05-25 18:09:01,956,762,56,0.0,0.0,id,,,45,5,41,11%,128
2025-05-25 18:09:06,956,759,60,0.0,3.1,96.9,,45,5,41,11%,128
2025-05-25 18:09:11,956,762,55,3.1,3.1,93.8,,45,5,41,11%,128
2025-05-25 18:09:16,956,758,63,0.0,3.1,96.9,,45,5,41,11%,128
2025-05-25 18:09:21,956,760,57,0.0,3.2,96.8,,45,5,41,11%,128
2025-05-25 18:09:27,956,759,61,0.0,0.0,id,,,45,5,41,11%,128
2025-05-25 18:09:32,956,758,60,3.1,0.0,96.9,,45,5,41,11%,128
2025-05-25 18:09:37,956,758,63,0.0,3.1,96.9,,45,5,41,11%,128
2025-05-25 18:09:42,956,765,54,3.0,3.0,93.9,,45,5,41,11%,128
2025-05-25 18:09:48,956,759,59,0.0,3.1,96.9,,45,5,41,11%,128
2025-05-25 18:09:53,956,761,59,0.0,3.1,96.9,,45,5,41,11%,128
2025-05-25 18:09:58,956,764,58,0.0,3.1,96.9,,45,5,41,11%,128
2025-05-25 18:10:03,956,762,56,0.0,0.0,id,,,45,5,41,11%,128
2025-05-25 18:10:08,956,758,56,0.0,3.1,96.9,,45,5,41,11%,128
2025-05-25 18:10:14,956,758,63,0.0,3.1,96.9,,45,5,41,11%,127
2025-05-25 18:10:19,956,760,57,0.0,3.1,96.9,,45,5,41,11%,127
2025-05-25 18:10:24,956,762,60,0.0,3.2,96.8,,45,5,41,11%,127
2025-05-25 18:10:29,956,759,59,3.1,3.1,93.8,,45,5,41,11%,127
2025-05-25 18:10:34,956,759,56,2.3,13.6,34.1,,45,5,41,11%,127
2025-05-25 18:10:40,956,759,61,0.0,3.1,96.9,,45,5,41,11%,127
2025-05-25 18:10:45,956,763,56,0.0,3.1,96.9,,45,5,41,11%,127
2025-05-25 18:10:50,956,759,60,3.1,3.1,93.8,,45,5,41,11%,127
2025-05-25 18:10:55,956,762,56,3.1,0.0,96.9,,45,5,41,11%,127
2025-05-25 18:11:01,956,758,58,0.0,6.2,93.8,,45,5,41,11%,126
2025-05-25 18:11:06,956,762,64,0.0,3.1,96.9,,45,5,41,11%,126
2025-05-25 18:11:11,956,758,60,3.0,3.0,93.9,,45,5,41,11%,126
2025-05-25 18:11:16,956,758,63,0.0,0.0,id,,,45,5,41,11%,126
2025-05-25 18:11:21,956,760,56,0.0,3.2,96.8,,45,5,41,11%,126
2025-05-25 18:11:27,956,759,61,0.0,0.0,id,,,45,5,41,11%,126
2025-05-25 18:11:32,956,758,61,0.0,3.2,96.8,,45,5,41,11%,126
2025-05-25 18:11:37,956,759,56,0.0,3.1,96.9,,45,5,41,11%,126
2025-05-25 18:11:42,956,763,54,0.0,3.1,96.9,,45,5,41,11%,126
2025-05-25 18:11:47,956,759,59,0.0,0.0,id,,,45,5,41,11%,126
2025-05-25 18:11:53,956,758,57,0.0,3.1,96.9,,45,5,41,11%,126
2025-05-25 18:11:58,956,759,62,0.0,3.2,96.8,,45,5,41,11%,126
2025-05-25 18:12:03,956,762,57,3.0,3.0,93.9,,45,5,41,11%,126
2025-05-25 18:12:08,956,759,56,0.0,18.4,2.6,,45,5,41,11%,126
2025-05-25 18:12:14,956,760,64,0.0,3.1,96.9,,45,5,41,11%,126
2025-05-25 18:12:19,956,759,58,0.0,0.0,id,,,45,5,41,11%,126
2025-05-25 18:12:24,956,759,64,0.0,0.0,id,,,45,5,41,11%,126
2025-05-25 18:12:29,956,761,55,0.0,3.1,96.9,,45,5,41,11%,126
2025-05-25 18:12:35,956,758,66,0.0,20.0,40.0,,45,5,41,11%,126
2025-05-25 18:12:40,956,760,57,0.0,3.1,96.9,,45,5,41,11%,126
2025-05-25 18:12:45,956,762,56,0.0,0.0,id,,,45,5,41,11%,126
2025-05-25 18:12:51,956,758,57,0.0,0.0,id,,,45,5,41,11%,126
2025-05-25 18:12:56,956,761,58,2.4,2.4,78.0,,45,5,41,11%,125
2025-05-25 18:13:01,956,762,59,0.0,3.0,93.9,,45,5,41,11%,125
2025-05-25 18:13:06,956,759,59,0.0,3.1,96.9,,45,5,41,11%,126
2025-05-25 18:13:11,956,758,58,0.0,0.0,id,,,45,5,41,11%,126
2025-05-25 18:13:17,956,759,63,0.0,3.1,96.9,,45,5,41,11%,126
2025-05-25 18:13:22,956,759,60,0.0,3.1,96.9,,45,5,41,11%,126
2025-05-25 18:13:27,956,760,58,0.0,0.0,id,,,45,5,41,11%,126
2025-05-25 18:13:32,956,762,55,0.0,0.0,id,,,45,5,41,11%,126
2025-05-25 18:13:37,956,758,60,0.0,0.0,id,,,45,5,41,11%,126
2025-05-25 18:13:43,956,762,57,0.0,3.1,96.9,,45,5,41,11%,126
2025-05-25 18:13:48,956,762,58,0.0,6.1,90.9,,45,5,41,11%,127
2025-05-25 18:13:53,956,759,56,0.0,3.1,93.8,,45,5,41,11%,127
2025-05-25 18:13:58,956,763,63,5.4,8.1,73.0,,45,5,41,11%,127
2025-05-25 18:14:04,956,763,59,5.4,5.4,46.4,,45,5,41,11%,127
2025-05-25 18:14:09,956,761,60,3.1,9.4,87.5,,45,5,41,11%,127
2025-05-25 18:14:14,956,760,56,3.0,3.0,93.9,,45,5,41,11%,127
2025-05-25 18:14:20,956,759,59,3.0,3.0,93.9,,45,5,41,11%,127
2025-05-25 18:14:25,956,762,57,0.0,3.2,96.8,,45,5,41,11%,128
2025-05-25 18:14:30,956,758,60,0.0,3.1,96.9,,45,5,41,11%,128
2025-05-25 18:14:35,956,762,56,3.1,9.4,87.5,,45,5,41,11%,128
2025-05-25 18:14:41,956,761,57,0.0,3.1,96.9,,45,5,41,11%,128
2025-05-25 18:14:46,956,762,59,0.0,6.2,93.8,,45,5,41,11%,128
2025-05-25 18:14:51,956,763,58,3.2,0.0,96.8,,45,5,41,11%,128
2025-05-25 18:14:56,956,763,59,0.0,3.2,96.8,,45,5,41,11%,128
2025-05-25 18:15:01,956,758,61,0.0,6.5,93.5,,45,5,41,11%,128
2025-05-25 18:15:07,956,757,63,0.0,0.0,id,,,45,5,41,11%,128
2025-05-25 18:15:12,956,759,61,0.0,3.1,96.9,,45,5,41,11%,128
2025-05-25 18:15:17,956,759,62,0.0,3.1,96.9,,45,5,41,11%,128
2025-05-25 18:15:22,956,764,55,0.0,0.0,id,,,45,5,41,11%,128
2025-05-25 18:15:28,956,764,56,0.0,0.0,id,,,45,5,41,11%,128
2025-05-25 18:15:33,956,759,57,0.0,15.9,34.1,,45,5,41,11%,128
2025-05-25 18:15:38,956,762,59,0.0,3.1,96.9,,45,5,41,11%,129
2025-05-25 18:15:44,956,762,57,0.0,0.0,id,,,45,5,41,11%,129
2025-05-25 18:15:49,956,758,63,0.0,3.2,96.8,,45,5,41,11%,129
2025-05-25 18:15:54,956,763,70,0.0,3.1,96.9,,45,5,41,11%,129
2025-05-25 18:15:59,956,761,59,3.0,3.0,93.9,,45,5,41,11%,129
2025-05-25 18:16:05,956,763,56,0.0,3.1,96.9,,45,5,41,11%,129
2025-05-25 18:16:10,956,764,54,0.0,3.1,96.9,,45,5,41,11%,129
2025-05-25 18:16:15,956,763,61,0.0,3.2,96.8,,45,5,41,11%,129
2025-05-25 18:16:20,956,765,58,3.1,3.1,93.8,,45,5,41,11%,129
2025-05-25 18:16:25,956,769,53,0.0,3.1,96.9,,45,5,41,11%,129
2025-05-25 18:16:31,956,759,58,0.0,3.1,96.9,,45,5,41,11%,129
2025-05-25 18:16:36,956,759,59,0.0,16.7,26.2,,45,5,41,11%,129
2025-05-25 18:16:41,956,761,68,0.0,2.9,88.6,,45,5,41,11%,129
2025-05-25 18:16:46,956,762,63,0.0,0.0,id,,,45,5,41,11%,129
2025-05-25 18:16:52,956,762,58,0.0,0.0,id,,,45,5,41,11%,129
2025-05-25 18:16:57,956,759,63,3.1,3.1,93.8,,45,5,41,11%,129
2025-05-25 18:17:02,956,764,58,0.0,3.1,96.9,,45,5,41,11%,129
2025-05-25 18:17:07,956,761,56,0.0,22.6,15.1,,45,5,41,11%,129
2025-05-25 18:17:13,956,760,61,0.0,3.1,96.9,,45,5,41,11%,129
2025-05-25 18:17:18,956,764,63,0.0,3.1,96.9,,45,5,41,11%,129
2025-05-25 18:17:23,956,770,53,0.0,3.1,96.9,,45,5,41,11%,129
2025-05-25 18:17:29,956,760,59,0.0,3.3,96.7,,45,5,41,11%,129
2025-05-25 18:17:34,956,759,56,0.0,14.3,40.5,,45,5,41,11%,129
2025-05-25 18:17:39,956,759,60,0.0,2.6,89.5,,45,5,41,11%,129
2025-05-25 18:17:44,956,759,57,0.0,3.2,96.8,,45,5,41,11%,129
2025-05-25 18:17:50,956,758,61,0.0,3.1,96.9,,45,5,41,11%,129
2025-05-25 18:17:55,956,761,56,0.0,3.2,96.8,,45,5,41,11%,129
2025-05-25 18:18:00,956,759,59,0.0,3.1,96.9,,45,5,41,11%,129
2025-05-25 18:18:05,956,763,54,0.0,20.6,38.2,,45,5,41,11%,129
2025-05-25 18:18:11,956,761,60,0.0,0.0,id,,,45,5,41,11%,129
2025-05-25 18:18:16,956,761,58,0.0,3.2,96.8,,45,5,41,11%,129
2025-05-25 18:18:21,956,761,60,0.0,3.1,96.9,,45,5,41,11%,129
2025-05-25 18:18:26,956,764,57,0.0,3.1,96.9,,45,5,41,11%,129
2025-05-25 18:18:32,956,765,61,0.0,3.2,96.8,,45,5,41,11%,129
2025-05-25 18:18:37,956,765,55,3.1,0.0,96.9,,45,5,41,11%,129
2025-05-25 18:18:42,956,759,59,0.0,15.4,43.6,,45,5,41,11%,129
2025-05-25 18:18:47,956,760,62,3.0,3.0,93.9,,45,5,41,11%,128
2025-05-25 18:18:53,956,764,57,0.0,11.4,60.0,,45,5,41,11%,128
2025-05-25 18:18:58,956,765,58,0.0,0.0,id,,,45,5,41,11%,128
2025-05-25 18:19:03,956,763,56,0.0,3.1,96.9,,45,5,41,11%,128
2025-05-25 18:19:08,956,760,62,0.0,3.2,96.8,,45,5,41,11%,128
2025-05-25 18:19:13,956,758,60,0.0,2.3,84.1,,45,5,41,11%,128
2025-05-25 18:19:19,956,760,58,0.0,0.0,id,,,45,5,41,11%,128
2025-05-25 18:19:24,956,762,57,0.0,0.0,id,,,45,5,41,11%,128
2025-05-25 18:19:29,956,759,59,3.1,6.2,90.6,,45,5,41,11%,128
2025-05-25 18:19:34,956,759,57,0.0,17.9,43.6,,45,5,41,11%,128
2025-05-25 18:19:40,956,758,57,0.0,3.1,96.9,,45,5,41,11%,128
2025-05-25 18:19:45,956,759,56,0.0,19.5,46.3,,45,5,41,11%,128
2025-05-25 18:19:50,956,758,59,3.0,3.0,93.9,,45,5,41,11%,128
2025-05-25 18:19:56,956,764,56,0.0,3.1,96.9,,45,5,41,11%,128
2025-05-25 18:20:01,956,759,67,0.0,3.1,96.9,,45,5,41,11%,128
2025-05-25 18:20:06,956,761,61,2.4,22.0,7.3,,45,5,41,11%,128
2025-05-25 18:20:12,956,759,61,0.0,3.1,96.9,,45,5,41,11%,128
2025-05-25 18:20:17,956,760,56,3.1,3.1,93.8,,45,5,41,11%,128
2025-05-25 18:20:22,956,761,60,3.0,3.0,93.9,,45,5,41,11%,128
2025-05-25 18:20:27,956,762,56,3.2,0.0,96.8,,45,5,41,11%,128
2025-05-25 18:20:33,956,758,62,2.2,15.2,37.0,,45,5,41,11%,128
2025-05-25 18:20:38,956,762,58,3.1,3.1,93.8,,45,5,41,11%,128
2025-05-25 18:20:43,956,764,55,0.0,3.1,96.9,,45,5,41,11%,128
2025-05-25 18:20:48,956,762,56,3.1,3.1,93.8,,45,5,41,11%,128
2025-05-25 18:20:54,956,761,61,2.9,0.0,88.6,,45,5,41,11%,128
2025-05-25 18:20:59,956,762,58,3.2,0.0,96.8,,45,5,41,11%,128
2025-05-25 18:21:04,956,764,56,0.0,3.2,96.8,,45,5,41,11%,128
2025-05-25 18:21:09,956,764,54,3.1,0.0,96.9,,45,5,41,11%,126
2025-05-25 18:21:14,956,759,63,0.0,3.2,96.8,,45,5,41,11%,126
2025-05-25 18:21:20,956,759,58,3.2,0.0,96.8,,45,5,41,11%,126
2025-05-25 18:21:25,956,759,64,0.0,3.1,96.9,,45,5,41,11%,126
2025-05-25 18:21:30,956,764,56,0.0,3.1,96.9,,45,5,41,11%,126
2025-05-25 18:21:35,956,759,57,3.0,3.0,93.9,,45,5,41,11%,126
2025-05-25 18:21:40,956,762,68,0.0,3.1,96.9,,45,5,41,11%,126
2025-05-25 18:21:46,956,760,60,0.0,3.1,96.9,,45,5,41,11%,126
2025-05-25 18:21:51,956,761,56,0.0,3.1,96.9,,45,5,41,11%,126
2025-05-25 18:21:56,956,759,58,0.0,0.0,id,,,45,5,41,11%,126
2025-05-25 18:22:01,956,765,56,3.1,0.0,96.9,,45,5,41,11%,126
2025-05-25 18:22:06,956,764,54,0.0,3.2,96.8,,45,5,41,11%,126
2025-05-25 18:22:12,956,759,60,3.2,0.0,96.8,,45,5,41,11%,126
2025-05-25 18:22:17,956,761,61,0.0,3.2,96.8,,45,5,41,11%,127
2025-05-25 18:22:22,956,762,58,0.0,3.1,96.9,,45,5,41,11%,127
2025-05-25 18:22:27,956,765,54,0.0,3.1,96.9,,45,5,41,11%,127
2025-05-25 18:22:32,956,762,57,0.0,30.3,30.3,,45,5,41,11%,128
2025-05-25 18:22:38,956,758,59,0.0,3.1,96.9,,45,5,41,11%,128
2025-05-25 18:22:43,956,759,62,0.0,3.1,96.9,,45,5,41,11%,128
2025-05-25 18:22:48,956,760,56,0.0,3.1,96.9,,45,5,41,11%,128
2025-05-25 18:22:53,956,762,58,0.0,3.2,83.9,,45,5,41,11%,130
2025-05-25 18:22:59,956,758,57,0.0,3.1,96.9,,45,5,41,11%,128
2025-05-25 18:23:04,956,759,56,0.0,3.2,96.8,,45,5,41,11%,128
2025-05-25 18:23:09,956,758,66,0.0,3.1,96.9,,45,5,41,11%,128
2025-05-25 18:23:14,956,760,57,0.0,3.2,96.8,,45,5,41,11%,128
2025-05-25 18:23:20,956,760,68,3.0,3.0,93.9,,45,5,41,11%,128
2025-05-25 18:23:25,956,764,62,0.0,3.1,96.9,,45,5,41,11%,128
2025-05-25 18:23:30,956,763,56,0.0,3.1,96.9,,45,5,41,11%,128
2025-05-25 18:23:35,956,758,58,0.0,3.1,96.9,,45,5,41,11%,128
2025-05-25 18:23:40,956,760,58,0.0,3.1,96.9,,45,5,41,11%,128
2025-05-25 18:23:46,956,762,54,0.0,3.1,96.9,,45,5,41,11%,128
2025-05-25 18:23:51,956,759,61,0.0,6.5,90.3,,45,5,41,11%,128
2025-05-25 18:23:56,956,762,55,0.0,3.2,96.8,,45,5,41,11%,128
2025-05-25 18:24:01,956,766,54,0.0,0.0,96.9,,45,5,41,11%,127
2025-05-25 18:24:06,956,759,63,3.2,0.0,96.8,,45,5,41,11%,127
2025-05-25 18:24:12,956,765,54,0.0,3.2,96.8,,45,5,41,11%,127
2025-05-25 18:24:17,956,762,61,0.0,3.2,96.8,,45,5,41,11%,127
2025-05-25 18:24:22,956,766,56,0.0,3.1,96.9,,45,5,41,11%,127
2025-05-25 18:24:27,956,766,55,0.0,3.2,96.8,,45,5,41,11%,127
2025-05-25 18:24:32,956,760,59,3.0,27.3,45.5,,45,5,41,11%,127
2025-05-25 18:24:38,956,759,58,0.0,20.8,18.8,,45,5,41,11%,126
2025-05-25 18:24:43,956,758,61,0.0,3.2,96.8,,45,5,41,11%,127
2025-05-25 18:24:48,956,758,56,0.0,6.1,90.9,,45,5,41,11%,127
2025-05-25 18:24:54,956,766,55,3.1,0.0,96.9,,45,5,41,11%,127
2025-05-25 18:24:59,956,766,54,0.0,0.0,id,,,45,5,41,11%,127
2025-05-25 18:25:04,956,762,57,0.0,3.1,96.9,,45,5,41,11%,127
2025-05-25 18:25:09,956,761,60,0.0,3.1,96.9,,45,5,41,11%,127
2025-05-25 18:25:15,956,758,62,0.0,3.2,96.8,,45,5,41,11%,127
2025-05-25 18:25:20,956,759,57,0.0,20.5,2.6,,45,5,41,11%,127
2025-05-25 18:25:25,956,760,60,0.0,3.1,96.9,,45,5,41,11%,127
2025-05-25 18:25:30,956,759,62,0.0,3.2,96.8,,45,5,41,11%,127
2025-05-25 18:25:36,956,758,57,0.0,3.1,96.9,,45,5,41,11%,127
2025-05-25 18:25:41,956,759,65,0.0,3.2,96.8,,45,5,41,11%,127
2025-05-25 18:25:46,956,763,61,0.0,3.1,96.9,,45,5,41,11%,127
2025-05-25 18:25:51,956,760,59,0.0,3.2,96.8,,45,5,41,11%,127
2025-05-25 18:25:56,956,759,59,0.0,6.5,93.5,,45,5,41,11%,128
2025-05-25 18:26:02,956,760,56,0.0,0.0,id,,,45,5,41,11%,128
2025-05-25 18:26:07,956,759,59,0.0,16.7,76.7,,45,5,41,11%,128
2025-05-25 18:26:12,956,762,55,0.0,3.1,96.9,,45,5,41,11%,128
2025-05-25 18:26:17,956,762,55,0.0,3.2,96.8,,45,5,41,11%,128
2025-05-25 18:26:23,956,759,61,0.0,0.0,id,,,45,5,41,11%,128
2025-05-25 18:26:28,956,764,56,5.6,8.3,58.3,,45,5,41,11%,129
2025-05-25 18:26:33,956,761,55,4.8,21.4,2.4,,45,5,41,11%,128
2025-05-25 18:26:39,956,759,59,3.0,3.0,93.9,,45,5,41,11%,128
2025-05-25 18:26:44,956,762,60,3.1,0.0,96.9,,45,5,41,11%,128
2025-05-25 18:26:49,956,762,56,3.0,3.0,93.9,,45,5,41,11%,128
2025-05-25 18:26:54,956,763,56,0.0,3.1,96.9,,45,5,41,11%,128
2025-05-25 18:27:00,956,764,53,0.0,0.0,id,,,45,5,41,11%,128
2025-05-25 18:27:05,956,764,54,0.0,3.1,96.9,,45,5,41,11%,128
2025-05-25 18:27:10,956,761,61,0.0,3.1,96.9,,45,5,41,11%,128
2025-05-25 18:27:15,956,765,54,0.0,0.0,id,,,45,5,41,11%,128
2025-05-25 18:27:20,956,764,54,2.9,17.1,65.7,,45,5,41,11%,128
2025-05-25 18:27:26,956,758,61,0.0,3.1,96.9,,45,5,41,11%,128
2025-05-25 18:27:31,956,763,54,0.0,3.1,96.9,,45,5,41,11%,128
2025-05-25 18:27:36,956,759,56,0.0,20.5,2.6,,45,5,41,11%,127
2025-05-25 18:27:42,956,759,58,3.1,6.2,90.6,,45,5,41,11%,126
2025-05-25 18:27:47,956,759,60,3.0,3.0,93.9,,45,5,41,11%,126
2025-05-25 18:27:52,956,759,56,0.0,20.0,20.0,,45,5,41,11%,126
2025-05-25 18:27:58,956,760,58,5.1,7.7,35.9,,45,5,41,11%,126
2025-05-25 18:28:04,956,758,63,1.7,13.6,0.0,,45,5,41,11%,127
2025-05-25 18:28:10,956,758,60,0.0,3.1,96.9,,45,5,41,11%,126
2025-05-25 18:28:15,956,760,58,0.0,0.0,91.2,,45,5,41,11%,126
2025-05-25 18:28:20,956,760,63,0.0,3.1,96.9,,45,5,41,11%,127
2025-05-25 18:28:25,956,758,61,0.0,2.3,79.5,,45,5,41,11%,127
2025-05-25 18:28:31,956,760,57,3.0,3.0,93.9,,45,5,41,11%,127
2025-05-25 18:28:36,956,759,59,0.0,3.1,96.9,,45,5,41,11%,127
2025-05-25 18:28:41,956,758,59,0.0,3.1,96.9,,45,5,41,11%,127
2025-05-25 18:28:46,956,761,55,0.0,27.6,20.7,,45,5,41,11%,127
2025-05-25 18:28:52,956,763,55,0.0,13.9,1.4,,45,5,41,11%,129
2025-05-25 18:28:59,956,758,57,0.0,1.5,0.0,,45,5,41,11%,129
2025-05-25 18:29:06,956,761,61,0.0,0.0,id,,,45,5,41,11%,128
2025-05-25 18:29:11,956,759,60,0.0,3.1,93.8,,45,5,41,11%,128
2025-05-25 18:29:16,956,759,60,3.1,0.0,96.9,,45,5,41,11%,128
2025-05-25 18:29:22,956,760,57,0.0,0.0,93.8,,45,5,41,11%,128
2025-05-25 18:29:27,956,759,58,0.0,3.1,96.9,,45,5,41,11%,128
2025-05-25 18:29:32,956,764,58,0.0,3.1,96.9,,45,5,41,11%,128
2025-05-25 18:29:37,956,760,58,3.2,0.0,96.8,,45,5,41,11%,128
2025-05-25 18:29:43,956,760,60,0.0,3.2,96.8,,45,5,41,11%,128
2025-05-25 18:29:48,956,762,56,0.0,3.1,96.9,,45,5,41,11%,128
2025-05-25 18:29:53,956,762,57,0.0,3.2,96.8,,45,5,41,11%,128
2025-05-25 18:29:58,956,761,66,0.0,8.8,85.3,,45,5,41,11%,128
2025-05-25 18:30:03,956,761,57,0.0,0.0,id,,,45,5,41,11%,128
2025-05-25 18:30:09,956,758,61,0.0,3.1,96.9,,45,5,41,11%,128
2025-05-25 18:30:14,956,760,62,0.0,3.1,96.9,,45,5,41,11%,128
2025-05-25 18:30:19,956,763,55,0.0,3.2,96.8,,45,5,41,11%,128
2025-05-25 18:30:24,956,759,61,3.1,3.1,93.8,,45,5,41,11%,128
2025-05-25 18:30:29,956,758,58,3.2,0.0,96.8,,45,5,41,11%,128
2025-05-25 18:30:35,956,761,59,0.0,16.3,32.6,,45,5,41,11%,128
2025-05-25 18:30:40,956,759,61,0.0,3.2,96.8,,45,5,41,11%,128
2025-05-25 18:30:45,956,761,59,0.0,3.1,96.9,,45,5,41,11%,128
2025-05-25 18:30:50,956,760,56,3.0,3.0,93.9,,45,5,41,11%,128
2025-05-25 18:30:56,956,764,60,2.5,2.5,87.5,,45,5,41,11%,128
2025-05-25 18:31:01,956,758,61,3.0,9.1,87.9,,45,5,41,11%,128
2025-05-25 18:31:06,956,762,57,0.0,3.1,96.9,,45,5,41,11%,128
2025-05-25 18:31:11,956,762,55,0.0,3.1,96.9,,45,5,41,11%,128
2025-05-25 18:31:17,956,759,63,0.0,3.1,96.9,,45,5,41,11%,128
2025-05-25 18:31:22,956,763,58,0.0,0.0,id,,,45,5,41,11%,128
2025-05-25 18:31:27,956,762,59,3.1,0.0,96.9,,45,5,41,11%,128
2025-05-25 18:31:32,956,764,55,0.0,3.1,96.9,,45,5,41,11%,128
2025-05-25 18:31:37,956,760,56,0.0,0.0,id,,,45,5,41,11%,128
2025-05-25 18:31:43,956,763,57,0.0,3.1,96.9,,45,5,41,11%,129
2025-05-25 18:31:48,956,764,60,0.0,3.1,96.9,,45,5,41,11%,129
2025-05-25 18:31:53,956,767,53,0.0,3.1,96.9,,45,5,41,11%,129
2025-05-25 18:31:58,956,763,57,3.1,0.0,96.9,,45,5,41,11%,129
2025-05-25 18:32:03,956,762,57,0.0,3.1,96.9,,45,5,41,11%,129
2025-05-25 18:32:09,956,763,56,3.0,3.0,93.9,,45,5,41,11%,129
2025-05-25 18:32:14,956,764,59,0.0,6.5,90.3,,45,5,41,11%,129
2025-05-25 18:32:19,956,765,53,0.0,3.1,96.9,,45,5,41,11%,129
2025-05-25 18:32:24,956,763,60,0.0,0.0,id,,,45,5,41,11%,129
2025-05-25 18:32:29,956,763,60,0.0,3.2,96.8,,45,5,41,11%,129
2025-05-25 18:32:35,956,769,54,0.0,19.4,47.2,,45,5,41,11%,129
2025-05-25 18:32:40,956,762,63,0.0,8.7,60.9,,45,5,41,11%,129
2025-05-25 18:32:46,956,762,58,0.0,3.0,93.9,,45,5,41,11%,129
2025-05-25 18:32:51,956,763,56,0.0,11.7,0.0,,45,5,41,11%,129
2025-05-25 18:32:58,956,762,54,2.1,2.1,31.9,,45,5,41,11%,130
2025-05-25 18:33:04,956,764,65,0.0,3.1,96.9,,45,5,41,11%,129
2025-05-25 18:33:09,956,762,58,0.0,2.4,85.4,,45,5,41,11%,129
2025-05-25 18:33:15,956,761,58,0.0,3.1,96.9,,45,5,41,11%,129
2025-05-25 18:33:20,956,773,52,0.0,3.1,96.9,,45,5,41,11%,129
2025-05-25 18:33:25,956,765,52,1.8,5.3,0.0,,45,5,41,11%,129
2025-05-25 18:33:33,956,770,53,0.0,5.9,31.4,,45,5,41,11%,129
2025-05-25 18:33:39,956,765,53,0.0,12.0,0.0,,45,5,41,11%,130
2025-05-25 18:33:45,956,762,55,0.0,3.1,93.8,,45,5,41,11%,131
2025-05-25 18:33:50,956,766,62,0.0,12.5,58.3,,45,5,41,11%,131
2025-05-25 18:33:56,956,764,54,2.2,2.2,77.8,,45,5,41,11%,131
2025-05-25 18:34:01,956,762,56,0.0,3.2,96.8,,45,5,41,11%,131
2025-05-25 18:34:06,956,762,55,0.0,5.3,78.9,,45,5,41,11%,131
2025-05-25 18:34:11,956,766,54,0.0,4.1,36.7,,45,5,41,11%,131
2025-05-25 18:34:17,956,761,60,3.4,13.6,3.4,,45,5,41,11%,131
2025-05-25 18:34:23,956,767,57,0.0,3.1,96.9,,45,5,41,11%,130
2025-05-25 18:34:28,956,761,58,3.1,0.0,96.9,,45,5,41,11%,130
2025-05-25 18:34:34,956,762,57,0.0,3.1,78.1,,45,5,41,11%,130
2025-05-25 18:34:39,956,761,58,0.0,3.2,96.8,,45,5,41,11%,130
2025-05-25 18:34:44,956,762,57,0.0,3.1,96.9,,45,5,41,11%,130
2025-05-25 18:34:50,956,761,56,3.0,3.0,93.9,,45,5,41,11%,130
2025-05-25 18:34:55,956,768,54,0.0,4.8,0.0,,45,5,41,11%,132
2025-05-25 18:35:02,956,761,55,4.5,16.7,0.0,,45,5,41,11%,131
2025-05-25 18:35:08,956,761,56,0.0,2.5,87.5,,45,5,41,11%,130
2025-05-25 18:35:13,956,775,49,0.0,6.2,68.8,,45,5,41,11%,130
2025-05-25 18:35:19,956,761,54,0.0,3.1,96.9,,45,5,41,11%,130
2025-05-25 18:35:24,956,761,57,0.0,2.3,79.5,,45,5,41,11%,130
2025-05-25 18:35:29,956,760,59,2.1,4.3,70.2,,45,5,41,11%,130
2025-05-25 18:35:35,956,760,59,0.0,0.0,id,,,45,5,41,11%,130
2025-05-25 18:35:40,956,768,58,3.7,7.4,16.7,,45,5,41,11%,130
2025-05-25 18:35:46,956,759,64,0.0,0.0,id,,,45,5,41,11%,130
2025-05-25 18:35:51,956,770,52,2.7,12.3,0.0,,45,5,41,11%,130
2025-05-25 18:35:58,956,766,55,5.0,15.0,0.0,,45,5,41,11%,129
2025-05-25 18:36:04,956,760,57,0.0,10.3,59.0,,45,5,41,11%,130
2025-05-25 18:36:09,956,761,60,0.0,2.1,74.5,,45,5,41,11%,130
2025-05-25 18:36:15,956,760,61,0.0,3.1,96.9,,45,5,41,11%,130
2025-05-25 18:36:20,956,761,55,0.0,0.0,id,,,45,5,41,11%,130
2025-05-25 18:36:25,956,762,54,3.0,3.0,90.9,,45,5,41,11%,130
2025-05-25 18:36:30,956,760,58,0.0,3.0,93.9,,45,5,41,11%,130
2025-05-25 18:36:36,956,764,57,4.5,6.8,20.5,,45,5,41,11%,130
2025-05-25 18:36:41,956,767,54,0.0,1.7,55.9,,45,5,41,11%,130
2025-05-25 18:36:47,956,764,64,0.0,3.1,96.9,,45,5,41,11%,130
2025-05-25 18:36:52,956,761,59,0.0,3.1,96.9,,45,5,41,11%,130
2025-05-25 18:36:57,956,764,56,3.0,3.0,93.9,,45,5,41,11%,130
2025-05-25 18:37:02,956,766,52,0.0,3.1,96.9,,45,5,41,11%,129
2025-05-25 18:37:07,956,759,64,0.0,2.6,89.5,,45,5,41,11%,129
2025-05-25 18:37:13,956,763,56,0.0,3.2,96.8,,45,5,41,11%,129
2025-05-25 18:37:18,956,765,56,0.0,3.1,96.9,,45,5,41,11%,131
2025-05-25 18:37:23,956,760,57,2.2,2.2,82.6,,45,5,41,11%,129
2025-05-25 18:37:28,956,759,61,3.0,3.0,90.9,,45,5,41,11%,129
2025-05-25 18:37:34,956,764,53,0.0,3.1,96.9,,45,5,41,11%,129
2025-05-25 18:37:39,956,759,55,0.0,15.0,17.5,,45,5,41,11%,129
2025-05-25 18:37:44,956,764,59,0.0,3.1,96.9,,45,5,41,11%,129
2025-05-25 18:37:49,956,764,59,0.0,3.1,96.9,,45,5,41,11%,129
2025-05-25 18:37:55,956,765,54,0.0,12.9,83.9,,45,5,41,11%,129
2025-05-25 18:38:00,956,765,55,3.0,3.0,93.9,,45,5,41,11%,129
2025-05-25 18:38:05,956,760,62,0.0,19.4,64.5,,45,5,41,11%,129
2025-05-25 18:38:10,956,760,59,2.6,10.3,53.8,,45,5,41,11%,129
2025-05-25 18:38:16,956,759,59,3.0,3.0,93.9,,45,5,41,11%,129
2025-05-25 18:38:21,956,761,62,0.0,3.1,96.9,,45,5,41,11%,129
2025-05-25 18:38:26,956,764,57,0.0,3.2,96.8,,45,5,41,11%,129
2025-05-25 18:38:31,956,764,55,0.0,3.2,96.8,,45,5,41,11%,129
2025-05-25 18:38:37,956,765,53,0.0,3.1,96.9,,45,5,41,11%,129
2025-05-25 18:38:42,956,770,50,0.0,18.8,27.1,,45,5,41,11%,129
2025-05-25 18:38:47,956,759,56,0.0,3.1,96.9,,45,5,41,11%,129
2025-05-25 18:38:52,956,761,55,0.0,0.0,id,,,45,5,41,11%,129
2025-05-25 18:38:58,956,762,56,0.0,3.1,96.9,,45,5,41,11%,129
2025-05-25 18:39:03,956,764,58,0.0,3.1,96.9,,45,5,41,11%,129
2025-05-25 18:39:08,956,764,56,0.0,3.1,96.9,,45,5,41,11%,129
2025-05-25 18:39:13,956,762,54,0.0,3.1,96.9,,45,5,41,11%,127
2025-05-25 18:39:18,956,763,55,0.0,3.2,93.5,,45,5,41,11%,127
2025-05-25 18:39:24,956,758,60,0.0,3.1,96.9,,45,5,41,11%,127
2025-05-25 18:39:29,956,763,57,3.2,0.0,96.8,,45,5,41,11%,127
2025-05-25 18:39:34,956,762,59,0.0,3.2,96.8,,45,5,41,11%,127
2025-05-25 18:39:39,956,760,60,1.6,24.6,0.0,,45,5,41,11%,127
2025-05-25 18:39:45,956,759,63,0.0,22.0,12.2,,45,5,41,11%,127
2025-05-25 18:39:50,956,758,61,0.0,3.1,96.9,,45,5,41,11%,127
2025-05-25 18:39:56,956,758,57,0.0,23.9,26.1,,45,5,41,11%,127
2025-05-25 18:40:01,956,763,54,3.1,6.2,87.5,,45,5,41,11%,127
2025-05-25 18:40:06,956,761,54,0.0,0.0,id,,,45,5,41,11%,127
2025-05-25 18:40:12,956,759,64,1.7,19.0,25.9,,45,5,41,11%,127
2025-05-25 18:40:17,956,761,58,0.0,3.1,96.9,,45,5,41,11%,127
2025-05-25 18:40:22,956,762,55,3.1,0.0,96.9,,45,5,41,11%,127
2025-05-25 18:40:28,956,761,61,0.0,6.1,84.8,,45,5,41,11%,127
2025-05-25 18:40:33,956,760,59,0.0,3.1,93.8,,45,5,41,11%,127
2025-05-25 18:40:38,956,763,54,0.0,3.1,96.9,,45,5,41,11%,127
2025-05-25 18:40:43,956,761,55,0.0,3.2,96.8,,45,5,41,11%,126
2025-05-25 18:40:48,956,760,54,0.0,2.4,83.3,,45,5,41,11%,126
2025-05-25 18:40:54,956,763,63,0.0,3.1,96.9,,45,5,41,11%,126
2025-05-25 18:40:59,956,763,57,0.0,3.1,96.9,,45,5,41,11%,126
2025-05-25 18:41:04,956,761,57,0.0,3.1,96.9,,45,5,41,11%,126
2025-05-25 18:41:09,956,761,55,0.0,0.0,id,,,45,5,41,11%,126
2025-05-25 18:41:14,956,764,53,0.0,3.1,96.9,,45,5,41,11%,126
2025-05-25 18:41:20,956,763,53,3.0,3.0,93.9,,45,5,41,11%,126
2025-05-25 18:41:25,956,761,54,0.0,3.2,96.8,,45,5,41,11%,126
2025-05-25 18:41:30,956,761,58,0.0,3.1,96.9,,45,5,41,11%,126
2025-05-25 18:41:35,956,763,56,0.0,3.1,96.9,,45,5,41,11%,126
2025-05-25 18:41:40,956,759,56,1.8,17.5,26.3,,45,5,41,11%,126
2025-05-25 18:41:46,956,761,55,0.0,3.1,96.9,,45,5,41,11%,127
2025-05-25 18:41:51,956,759,55,0.0,0.0,id,,,45,5,41,11%,127
2025-05-25 18:41:56,956,762,54,0.0,22.5,10.0,,45,5,41,11%,127
2025-05-25 18:42:02,956,762,61,0.0,3.0,93.9,,45,5,41,11%,126
2025-05-25 18:42:07,956,763,54,0.0,6.5,93.5,,45,5,41,11%,127
2025-05-25 18:42:12,956,759,57,0.0,0.0,id,,,45,5,41,11%,127
2025-05-25 18:42:18,956,761,57,0.0,3.1,96.9,,45,5,41,11%,127
2025-05-25 18:42:23,956,762,59,0.0,3.1,96.9,,45,5,41,11%,127
2025-05-25 18:42:28,956,762,56,3.0,3.0,93.9,,45,5,41,11%,127
2025-05-25 18:42:33,956,760,57,0.0,3.1,96.9,,45,5,41,11%,127
2025-05-25 18:42:38,956,759,57,0.0,28.1,65.6,,45,5,41,11%,127
2025-05-25 18:42:44,956,760,57,0.0,3.1,96.9,,45,5,41,11%,127
2025-05-25 18:42:49,956,759,60,0.0,4.3,76.6,,45,5,41,11%,127
2025-05-25 18:42:54,956,763,58,3.0,3.0,93.9,,45,5,41,11%,127
2025-05-25 18:43:00,956,759,60,0.0,3.1,96.9,,45,5,41,11%,127
2025-05-25 18:43:05,956,760,55,0.0,0.0,id,,,45,5,41,11%,127
2025-05-25 18:43:10,956,762,57,0.0,0.0,id,,,45,5,41,11%,127
2025-05-25 18:43:15,956,762,57,0.0,3.2,96.8,,45,5,41,11%,127
2025-05-25 18:43:20,956,763,55,3.1,3.1,93.8,,45,5,41,11%,127
2025-05-25 18:43:26,956,760,56,0.0,3.2,96.8,,45,5,41,11%,127
2025-05-25 18:43:31,956,759,58,0.0,3.1,96.9,,45,5,41,11%,127
2025-05-25 18:43:36,956,764,53,0.0,3.1,96.9,,45,5,41,11%,127
2025-05-25 18:43:41,956,758,60,0.0,3.2,96.8,,45,5,41,11%,127
2025-05-25 18:43:46,956,764,58,0.0,3.2,96.8,,45,5,41,11%,127
2025-05-25 18:43:52,956,759,64,3.0,3.0,93.9,,45,5,41,11%,127
2025-05-25 18:43:57,956,759,58,0.0,3.2,96.8,,45,5,41,11%,127
2025-05-25 18:44:02,956,758,58,0.0,3.2,96.8,,45,5,41,11%,127
2025-05-25 18:44:07,956,762,57,0.0,3.1,96.9,,45,5,41,11%,127
2025-05-25 18:44:12,956,758,61,3.0,3.0,93.9,,45,5,41,11%,127
2025-05-25 18:44:18,956,760,62,0.0,3.2,96.8,,45,5,41,11%,127
2025-05-25 18:44:23,956,760,60,0.0,3.2,96.8,,45,5,41,11%,126
2025-05-25 18:44:28,956,759,61,0.0,2.3,70.5,,45,5,41,11%,127
2025-05-25 18:44:33,956,763,55,0.0,3.1,93.8,,45,5,41,11%,127
2025-05-25 18:44:38,956,761,55,0.0,17.9,0.0,,45,5,41,11%,127
2025-05-25 18:44:44,956,761,55,2.2,2.2,80.4,,45,5,41,11%,127
2025-05-25 18:44:49,956,761,59,0.0,12.2,63.4,,45,5,41,11%,128
2025-05-25 18:44:55,956,761,58,3.1,3.1,93.8,,45,5,41,11%,128
2025-05-25 18:45:00,956,762,64,0.0,3.1,96.9,,45,5,41,11%,128
2025-05-25 18:45:05,956,762,56,0.0,3.2,96.8,,45,5,41,11%,128
2025-05-25 18:45:10,956,762,55,3.0,3.0,93.9,,45,5,41,11%,128
2025-05-25 18:45:16,956,760,60,0.0,3.1,96.9,,45,5,41,11%,128
2025-05-25 18:45:21,956,760,58,0.0,3.1,96.9,,45,5,41,11%,128
2025-05-25 18:45:26,956,760,58,3.0,3.0,93.9,,45,5,41,11%,128
2025-05-25 18:45:31,956,759,62,0.0,3.1,96.9,,45,5,41,11%,128
2025-05-25 18:45:36,956,764,56,0.0,3.2,96.8,,45,5,41,11%,128
2025-05-25 18:45:42,956,760,55,0.0,3.1,96.9,,45,5,41,11%,128
2025-05-25 18:45:47,956,761,58,0.0,3.2,96.8,,45,5,41,11%,128
2025-05-25 18:45:52,956,759,61,0.0,3.1,96.9,,45,5,41,11%,128
2025-05-25 18:45:57,956,762,56,0.0,0.0,id,,,45,5,41,11%,128
2025-05-25 18:46:02,956,761,57,3.0,3.0,93.9,,45,5,41,11%,128
2025-05-25 18:46:08,956,761,59,0.0,3.1,96.9,,45,5,41,11%,128
2025-05-25 18:46:13,956,759,58,0.0,3.1,96.9,,45,5,41,11%,128
2025-05-25 18:46:18,956,770,54,0.0,3.1,96.9,,45,5,41,11%,128
2025-05-25 18:46:23,956,761,60,2.9,5.9,88.2,,45,5,41,11%,128
2025-05-25 18:46:28,956,760,62,1.8,17.5,1.8,,45,5,41,11%,128
2025-05-25 18:46:34,956,762,58,0.0,3.1,96.9,,45,5,41,11%,128
2025-05-25 18:46:39,956,759,59,0.0,23.1,30.8,,45,5,41,11%,128
2025-05-25 18:46:45,956,760,58,0.0,0.0,id,,,45,5,41,11%,127
2025-05-25 18:46:50,956,763,54,2.5,12.5,60.0,,45,5,41,11%,127
2025-05-25 18:46:55,956,761,55,0.0,0.0,96.9,,45,5,41,11%,127
2025-05-25 18:47:00,956,759,64,0.0,3.3,83.3,,45,5,41,11%,127
2025-05-25 18:47:06,956,763,55,3.1,0.0,96.9,,45,5,41,11%,127
2025-05-25 18:47:11,956,764,54,3.0,3.0,93.9,,45,5,41,11%,127
2025-05-25 18:47:16,956,760,60,3.2,0.0,96.8,,45,5,41,11%,127
2025-05-25 18:47:21,956,765,54,3.1,0.0,96.9,,45,5,41,11%,127
2025-05-25 18:47:26,956,761,55,3.2,6.5,45.2,,45,5,41,11%,128
2025-05-25 18:47:32,956,758,62,2.9,8.6,74.3,,45,5,41,11%,127
2025-05-25 18:47:37,956,760,58,5.4,10.8,5.4,,45,5,41,11%,127
2025-05-25 18:47:43,956,763,56,2.9,5.9,88.2,,45,5,41,11%,129
2025-05-25 18:47:48,956,760,60,0.0,0.0,58.5,,45,5,41,11%,128
2025-05-25 18:47:54,956,760,60,3.0,6.1,36.4,,45,5,41,11%,129
2025-05-25 18:47:59,956,759,54,0.0,18.6,0.0,,45,5,41,11%,132
2025-05-25 18:48:06,956,758,61,0.0,0.0,id,,,45,5,41,11%,129
2025-05-25 18:48:11,956,773,53,3.4,12.7,0.0,,45,5,41,11%,134
2025-05-25 18:48:19,956,772,51,0.0,5.0,0.0,,45,5,41,11%,134
2025-05-25 18:48:27,956,775,48,0.0,13.0,1.9,,45,5,41,11%,134
2025-05-25 18:48:36,956,774,51,0.0,15.2,0.0,,45,5,41,11%,134
2025-05-25 18:48:48,956,780,50,0.8,4.1,0.0,,45,5,41,11%,133
2025-05-25 18:49:18,956,771,55,0.4,4.7,0.0,,45,5,41,11%,132
2025-05-25 18:49:55,956,776,47,0.0,6.7,0.0,,45,5,41,11%,133
2025-05-25 18:50:28,956,773,53,1.4,11.1,0.0,,45,5,41,11%,133
2025-05-25 18:50:51,956,775,50,0.0,7.6,0.0,,45,5,41,11%,134
2025-05-25 18:51:28,956,769,57,1.3,12.8,0.0,,45,5,41,11%,134
2025-05-25 18:51:50,956,769,56,1.6,19.0,0.0,,45,5,41,11%,135
2025-05-25 18:51:58,956,770,52,1.9,9.6,0.0,,45,5,41,11%,134
2025-05-25 18:52:16,956,769,49,2.4,12.2,0.0,,45,5,41,11%,135
2025-05-25 18:52:27,956,768,57,0.0,7.2,0.0,,45,5,41,11%,133
2025-05-25 18:53:02,956,769,52,0.6,7.9,0.0,,45,5,41,11%,138
2025-05-25 18:53:34,956,771,54,0.0,19.4,0.0,,45,5,41,11%,133
2025-05-25 18:53:57,956,767,57,1.7,15.3,0.0,,45,5,41,11%,134
2025-05-25 18:54:18,956,767,58,0.0,6.3,0.0,,45,5,41,11%,135
2025-05-25 18:54:47,956,754,62,0.0,21.3,0.0,,45,5,41,11%,135
2025-05-25 18:54:54,956,759,60,1.5,15.4,0.0,,45,5,41,11%,135
2025-05-25 18:55:02,956,758,57,0.0,11.6,0.0,,45,5,41,11%,135
2025-05-25 18:55:10,956,758,62,1.6,18.0,0.0,,45,5,41,11%,135
2025-05-25 18:55:20,956,758,57,0.0,13.5,0.0,,45,5,41,11%,135
2025-05-25 18:55:28,956,761,59,0.0,9.0,0.0,,45,5,41,11%,135
2025-05-25 18:55:45,956,760,56,0.0,4.2,0.0,,45,5,41,11%,133
2025-05-25 18:56:23,956,765,58,0.2,4.6,0.0,,45,5,41,11%,133
2025-05-25 18:57:00,956,763,59,0.0,6.5,0.0,,45,5,41,11%,135
2025-05-25 18:57:39,956,770,54,0.0,4.0,0.0,,45,5,41,11%,133
2025-05-25 18:58:11,956,759,60,0.0,5.1,0.0,,45,5,41,11%,136
2025-05-25 18:58:31,956,763,59,1.4,4.3,0.0,,45,5,41,11%,136
2025-05-25 18:58:58,956,764,66,1.0,4.1,0.0,,45,5,41,11%,137
2025-05-25 18:59:18,956,758,57,0.0,13.2,0.0,,45,5,41,11%,136
2025-05-25 18:59:27,956,760,59,1.8,12.3,0.0,,45,5,41,11%,135
2025-05-25 18:59:38,956,756,62,0.0,15.4,0.0,,45,5,41,11%,135
2025-05-25 18:59:50,956,759,60,0.0,10.1,0.0,,45,5,41,11%,135
2025-05-25 19:00:00,956,757,61,1.3,10.7,0.0,,45,5,41,11%,135
